date,adjusted,volume
2015-01-02,14753.7001953125,132965800
2015-01-05,14392.7001953125,224213600
2015-01-06,14246.7998046875,273374500
2015-01-07,14285,234522600
2015-01-08,14457.7001953125,225812700
2015-01-09,14384.900390625,216286900
2015-01-12,14265,240041100
2015-01-13,14187.2001953125,276614600
2015-01-14,14084.400390625,298845400
2015-01-15,14041.7998046875,353728200
2015-01-16,14309.400390625,303918800
2015-01-19,14312.5,97313000
2015-01-20,14308.400390625,279251400
2015-01-21,14560.400390625,300489200
2015-01-22,14764,266872000
2015-01-23,14779.400390625,226367700
2015-01-26,14797.7998046875,186840600
2015-01-27,14833.900390625,223926700
2015-01-28,14602.900390625,239058900
2015-01-29,14637.2998046875,253821600
2015-01-30,14673.5,324263400
2015-02-02,14900.5,228902300
2015-02-03,15062.900390625,316768900
2015-02-04,14995.7001953125,259138900
2015-02-05,15124.900390625,237014900
2015-02-06,15083.900390625,221622600
2015-02-09,15100.7001953125,207884000
2015-02-10,15112.5,206419100
2015-02-11,15151.5,223441000
2015-02-12,15228.5,260688700
2015-02-13,15264.7998046875,194129800
2015-02-17,15284.599609375,188670700
2015-02-18,15212.7998046875,216985800
2015-02-19,15180.2998046875,196613700
2015-02-20,15172.2001953125,212484500
2015-02-23,15200.2998046875,188332600
2015-02-24,15165,202903000
2015-02-25,15228.599609375,202158400
2015-02-26,15241.2001953125,189355900
2015-02-27,15234.2998046875,339748900
2015-03-02,15264.099609375,192652600
2015-03-03,15133.900390625,195697700
2015-03-04,15082.7998046875,196308300
2015-03-05,15103.099609375,191332200
2015-03-06,14952.5,230716700
2015-03-09,14854.5,182390300
2015-03-10,14641.7998046875,198307400
2015-03-11,14739.2001953125,189464100
2015-03-12,14770.7001953125,182561600
2015-03-13,14731.5,185435000
2015-03-16,14862.7998046875,187656200
2015-03-17,14898.5,176396100
2015-03-18,14962.2001953125,201339500
2015-03-19,14873.900390625,184971700
2015-03-20,14942.400390625,496186900
2015-03-23,14957.2001953125,161626900
2015-03-24,15081.2998046875,179668500
2015-03-25,14929.400390625,221781000
2015-03-26,14869.7998046875,207990500
2015-03-27,14812.400390625,147454800
2015-03-30,14908.400390625,167648700
2015-03-31,14902.400390625,201751600
2015-04-01,14942.599609375,188681900
2015-04-02,15026.599609375,156413900
2015-04-06,15100.7001953125,157700500
2015-04-07,15188.7998046875,221954200
2015-04-08,15213.599609375,177053800
2015-04-09,15326.2998046875,176797200
2015-04-10,15388.400390625,179796600
2015-04-13,15383.599609375,154725200
2015-04-14,15389.2998046875,179254400
2015-04-15,15450.900390625,254299100
2015-04-16,15386.7998046875,208304600
2015-04-17,15360.599609375,163532700
2015-04-20,15412.599609375,153460400
2015-04-21,15346.400390625,162758800
2015-04-22,15304.7998046875,157452700
2015-04-23,15392.400390625,160971300
2015-04-24,15408.2998046875,139734000
2015-04-27,15344.099609375,188782900
2015-04-28,15346.099609375,168472300
2015-04-29,15347.2998046875,192321400
2015-04-30,15224.5,229900400
2015-05-01,15339.7998046875,158965400
2015-05-04,15367.5,150908400
2015-05-05,15173.900390625,204036900
2015-05-06,15023.900390625,244358700
2015-05-07,15088.7998046875,276978400
2015-05-08,15170,185148700
2015-05-11,15152.599609375,146601400
2015-05-12,15043.2001953125,189066200
2015-05-13,14980.7001953125,191793600
2015-05-14,15028.099609375,183190200
2015-05-15,15108.099609375,163163400
2015-05-19,15121,177613000
2015-05-20,15072.7998046875,150691600
2015-05-21,15203.599609375,173031700
2015-05-22,15200.7998046875,122902000
2015-05-25,15187.400390625,37855100
2015-05-26,15050.7998046875,148932600
2015-05-27,15110.5,147678600
2015-05-28,15107,148946400
2015-05-29,15014.099609375,281160900
2015-06-01,15074.099609375,139629200
2015-06-02,15104.7001953125,149221100
2015-06-03,15154.7001953125,154326600
2015-06-04,15019.400390625,153522400
2015-06-05,14957.2001953125,153567800
2015-06-08,14743.2998046875,153647900
2015-06-09,14817.7001953125,156708900
2015-06-10,14889,166024900
2015-06-11,14830.900390625,152418900
2015-06-12,14741.2001953125,140996500
2015-06-15,14756.099609375,147917300
2015-06-16,14753.099609375,162528800
2015-06-17,14733,162174500
2015-06-18,14770.599609375,149846900
2015-06-19,14653.099609375,482101400
2015-06-22,14790.5,150406700
2015-06-23,14904.900390625,145320600
2015-06-24,14947.5,170667600
2015-06-25,14897.5,149486400
2015-06-26,14808.099609375,142466700
2015-06-29,14490.2001953125,162380600
2015-06-30,14553.2998046875,180527600
2015-07-02,14638,173442300
2015-07-03,14682.400390625,51349100
2015-07-06,14593.599609375,194847500
2015-07-07,14624.5,194129800
2015-07-08,14412.099609375,166323900
2015-07-09,14278.5,188521100
2015-07-10,14411.099609375,156177800
2015-07-13,14533.2001953125,166202600
2015-07-14,14599.400390625,153715000
2015-07-15,14662.2998046875,158321200
2015-07-16,14731.099609375,155607800
2015-07-17,14642.7998046875,145241900
2015-07-20,14425.599609375,159506500
2015-07-21,14376.2001953125,158798400
2015-07-22,14307.099609375,189872000
2015-07-23,14265.400390625,192099200
2015-07-24,14186.2001953125,213182000
2015-07-27,14001.400390625,190016900
2015-07-28,14077.400390625,189404500
2015-07-29,14301.7998046875,207644000
2015-07-30,14382.7998046875,208091800
2015-07-31,14468.400390625,191981600
2015-08-04,14491.099609375,177553300
2015-08-05,14503,174759100
2015-08-06,14405.900390625,221728300
2015-08-07,14302.7001953125,175109800
2015-08-10,14466.400390625,175189600
2015-08-11,14414.7001953125,195188800
2015-08-12,14339.5,214900200
2015-08-13,14238.400390625,169966800
2015-08-14,14277.900390625,170578800
2015-08-17,14251.5,145429400
2015-08-18,14193.900390625,155036000
2015-08-19,14036.599609375,216708600
2015-08-20,13737,220463100
2015-08-21,13473.7001953125,242627500
2015-08-24,13052.7001953125,318857900
2015-08-25,13150.900390625,242924600
2015-08-26,13381.599609375,229144000
2015-08-27,13766.7001953125,269528200
2015-08-28,13865.099609375,217015300
2015-08-31,13859.099609375,274554700
2015-09-01,13481.900390625,223509200
2015-09-02,13545.2998046875,197082800
2015-09-03,13596.400390625,179596000
2015-09-04,13478.2998046875,142024500
2015-09-08,13630.7001953125,165293600
2015-09-09,13531.900390625,208366600
2015-09-10,13569.900390625,189545300
2015-09-11,13461.5,188368400
2015-09-14,13353.2998046875,161268500
2015-09-15,13462.7001953125,170456100
2015-09-16,13763.7998046875,245113200
2015-09-17,13787.2001953125,216804000
2015-09-18,13646.900390625,608096000
2015-09-21,13779.400390625,185414200
2015-09-22,13491.099609375,173972500
2015-09-23,13383.7001953125,155134600
2015-09-24,13338.7001953125,211139100
2015-09-25,13378.599609375,207201500
2015-09-28,13004.599609375,188785200
2015-09-29,13037,205446200
2015-09-30,13307,234915200
2015-10-01,13241.900390625,226505700
2015-10-02,13339.7001953125,215950500
2015-10-05,13552.2001953125,304422500
2015-10-06,13647.2998046875,284121300
2015-10-07,13868.400390625,338065200
2015-10-08,13978.7001953125,264683500
2015-10-09,13964.400390625,252713400
2015-10-13,13844.7001953125,212132700
2015-10-14,13875.2998046875,211035400
2015-10-15,13829,198093000
2015-10-16,13838.099609375,206490700
2015-10-19,13758.400390625,180214100
2015-10-20,13841.900390625,169687900
2015-10-21,13704.2001953125,187226100
2015-10-22,13878.099609375,213309700
2015-10-23,13953.7001953125,208995400
2015-10-26,13790.900390625,188864000
2015-10-27,13699.599609375,220051000
2015-10-28,13863.2001953125,245564200
2015-10-29,13791.900390625,248803000
2015-10-30,13529.2001953125,262586400
2015-11-02,13623,172222200
2015-11-03,13710.2998046875,213866400
2015-11-04,13661.7998046875,234638000
2015-11-05,13558.7998046875,225689200
2015-11-06,13553.2998046875,202938700
2015-11-09,13482.599609375,185883900
2015-11-10,13411.599609375,193360100
2015-11-11,13341.900390625,185492300
2015-11-12,13127.2001953125,234869800
2015-11-13,13075.400390625,204065700
2015-11-16,13317.5,181704800
2015-11-17,13280.400390625,181956500
2015-11-18,13400,183319400
2015-11-19,13473.7998046875,189696600
2015-11-20,13433.5,200454700
2015-11-23,13382.400390625,156074700
2015-11-24,13407.7998046875,218593400
2015-11-25,13403.400390625,188905300
2015-11-26,13425.2001953125,61259600
2015-11-27,13368.2001953125,100022000
2015-11-30,13469.7998046875,298491200
2015-12-01,13636.099609375,222514200
2015-12-02,13463.7998046875,215056100
2015-12-03,13324.7001953125,199938600
2015-12-04,13358.7998046875,225388700
2015-12-07,13042.7998046875,228591200
2015-12-08,12922.5,228968400
2015-12-09,12937.599609375,245500000
2015-12-10,13016.599609375,223401900
2015-12-11,12790,205777600
2015-12-14,12695.5,246218400
2015-12-15,12919.599609375,228818900
2015-12-16,13166.099609375,284652500
2015-12-17,13009.900390625,262462800
2015-12-18,13024.2998046875,530058000
2015-12-21,13034.400390625,192207100
2015-12-22,13082.900390625,162292500
2015-12-23,13284.900390625,192255300
2015-12-24,13309.7998046875,72358500
2015-12-29,13245.7998046875,120776600
2015-12-30,13142.2998046875,97136600
2015-12-31,13010,111101400
2016-01-04,12927.2001953125,186952500
2016-01-05,12920.099609375,181894700
2016-01-06,12726.7998046875,225652800
2016-01-07,12448.2001953125,293235700
2016-01-08,12445.5,220250200
2016-01-11,12319.2998046875,208496500
2016-01-12,12373.900390625,258256000
2016-01-13,12170.400390625,261525900
2016-01-14,12336,277737000
2016-01-15,12073.5,285852400
2016-01-18,11942.2001953125,100097400
2016-01-19,12002.2001953125,281063700
2016-01-20,11843.099609375,357071400
2016-01-21,12035.900390625,310391800
2016-01-22,12389.599609375,300418000
2016-01-25,12143.2001953125,224918400
2016-01-26,12331.2998046875,247219300
2016-01-27,12377.7998046875,281404400
2016-01-28,12591.900390625,295773300
2016-01-29,12822.099609375,331433000
2016-02-01,12674.400390625,207051200
2016-02-02,12442.2998046875,209651500
2016-02-03,12593,282033700
2016-02-04,12774.5,304632400
2016-02-05,12764,244547900
2016-02-08,12535.400390625,275959400
2016-02-09,12282.7001953125,309793400
2016-02-10,12185.7001953125,286727300
2016-02-11,12087.400390625,355026800
2016-02-12,12381.2001953125,252630300
2016-02-16,12555,282619700
2016-02-17,12867.2001953125,328295500
2016-02-18,12931.400390625,317561200
2016-02-19,12813.400390625,252609000
2016-02-22,12845.599609375,293520100
2016-02-23,12763.400390625,235355100
2016-02-24,12740.2998046875,312129400
2016-02-25,12753.599609375,248831300
2016-02-26,12797.7998046875,255406600
2016-02-29,12860.400390625,299128600
2016-03-01,12982.099609375,285256700
2016-03-02,13017.900390625,295879500
2016-03-03,13123.7001953125,343296700
2016-03-04,13212.5,394167400
2016-03-07,13383.599609375,343216600
2016-03-08,13311.099609375,330238400
2016-03-09,13392.900390625,300409700
2016-03-10,13379.099609375,274931600
2016-03-11,13522,239951500
2016-03-14,13477.5,232678300
2016-03-15,13400.2998046875,245980600
2016-03-16,13478.099609375,265553600
2016-03-17,13621.2998046875,314587600
2016-03-18,13497.099609375,680620500
2016-03-21,13561.099609375,182302300
2016-03-22,13493.5,191544100
2016-03-23,13379.5,247556200
2016-03-24,13358.099609375,192384300
2016-03-28,13390.2001953125,133834300
2016-03-29,13426.2001953125,189196700
2016-03-30,13504,212730200
2016-03-31,13494.400390625,219047700
2016-04-01,13440.400390625,205610900
2016-04-04,13336.2001953125,162699600
2016-04-05,13304.7001953125,181700400
2016-04-06,13347.5,209952600
2016-04-07,13266.400390625,209397600
2016-04-08,13396.7001953125,223954300
2016-04-11,13422.7998046875,215507800
2016-04-12,13581.400390625,287997300
2016-04-13,13671.400390625,236988900
2016-04-14,13668.2998046875,227931800
2016-04-15,13637.2001953125,201683900
2016-04-18,13719.7998046875,223276100
2016-04-19,13867.2998046875,260806600
2016-04-20,13911.2998046875,302419700
2016-04-21,13881.2001953125,263388500
2016-04-22,13874,224861200
2016-04-25,13796,182890300
2016-04-26,13809.400390625,223160700
2016-04-27,13887.7001953125,267456600
2016-04-28,13886.400390625,300923200
2016-04-29,13951.5,330816400
2016-05-02,13865.599609375,240760400
2016-05-03,13707.7001953125,254404600
2016-05-04,13632,242917200
2016-05-05,13632,241876000
2016-05-06,13701.5,236543900
2016-05-09,13563.7998046875,200744000
2016-05-10,13775.2001953125,217463600
2016-05-11,13788.2001953125,256547100
2016-05-12,13787.7998046875,229066300
2016-05-13,13748.599609375,221864700
2016-05-16,13893.5,213145800
2016-05-17,13917.099609375,237676600
2016-05-18,13826,270185000
2016-05-19,13817.2998046875,245226900
2016-05-20,13919.599609375,192297500
2016-05-24,13952.900390625,212998300
2016-05-25,14053.7001953125,225244200
2016-05-26,14049.2001953125,205325900
2016-05-27,14105.2001953125,178296600
2016-05-30,14086.7001953125,69147900
2016-05-31,14065.7998046875,350396100
2016-06-01,14063.5,197727200
2016-06-02,14137,159506200
2016-06-03,14226.7998046875,225080700
2016-06-06,14276.2001953125,221587400
2016-06-07,14365.599609375,231774800
2016-06-08,14313.099609375,273079700
2016-06-09,14240,204015500
2016-06-10,14037.5,206939200
2016-06-13,13993.900390625,230786000
2016-06-14,13884.2001953125,212739400
2016-06-15,13923.5,233766100
2016-06-16,13882.400390625,252326100
2016-06-17,13901.7998046875,587674500
2016-06-20,14015.099609375,192086300
2016-06-21,14012.2998046875,162875900
2016-06-22,14003.7998046875,193981600
2016-06-23,14131.400390625,179671800
2016-06-24,13891.900390625,278507800
2016-06-27,13689.7998046875,285929200
2016-06-28,13842.7001953125,222712600
2016-06-29,14036.7001953125,235539800
2016-06-30,14064.5,246966800
2016-07-04,14258.900390625,116770200
2016-07-05,14219.599609375,221271900
2016-07-06,14231.099609375,251669000
2016-07-07,14134.5,205373900
2016-07-08,14259.7998046875,202716700
2016-07-11,14361.900390625,209798400
2016-07-12,14477.7001953125,246935900
2016-07-13,14493.7998046875,212665200
2016-07-14,14514.5,391808800
2016-07-15,14482.400390625,150476200
2016-07-18,14532.400390625,130542800
2016-07-19,14524.599609375,145410100
2016-07-20,14533.599609375,194105500
2016-07-21,14565.7998046875,156964900
2016-07-22,14600.7001953125,137583900
2016-07-25,14498.099609375,155254500
2016-07-26,14550,165278900
2016-07-27,14546.5,192825600
2016-07-28,14552.7001953125,199156800
2016-07-29,14582.7001953125,186151000
2016-08-02,14477,198378600
2016-08-03,14512.099609375,178762700
2016-08-04,14528.7998046875,187436400
2016-08-05,14648.7998046875,188564500
2016-08-08,14755.599609375,178590800
2016-08-09,14801.2001953125,170399600
2016-08-10,14775,188370100
2016-08-11,14796.099609375,187329900
2016-08-12,14747.5,187457600
2016-08-15,14777,149004800
2016-08-16,14703.400390625,148229600
2016-08-17,14697.599609375,175492600
2016-08-18,14695.7001953125,149238300
2016-08-19,14687.5,134940000
2016-08-22,14748.2001953125,157517700
2016-08-23,14764.7998046875,153961400
2016-08-24,14626.2001953125,181074800
2016-08-25,14630.7001953125,160458200
2016-08-26,14639.900390625,174591400
2016-08-29,14682,136914200
2016-08-30,14684.900390625,181535700
2016-08-31,14598,239636100
2016-09-01,14683.900390625,218685400
2016-09-02,14795.7001953125,174034400
2016-09-06,14813,209938700
2016-09-07,14796.7998046875,187921700
2016-09-08,14803.2998046875,199097400
2016-09-09,14540,202109000
2016-09-12,14597.099609375,202210600
2016-09-13,14349.099609375,214211600
2016-09-14,14366.5,196523100
2016-09-15,14503.7001953125,189998700
2016-09-16,14450.7001953125,462318200
2016-09-19,14496.2001953125,166805200
2016-09-20,14522,179849200
2016-09-21,14710.7998046875,202742600
2016-09-22,14797.2001953125,195533500
2016-09-23,14697.900390625,178274100
2016-09-26,14619.5,156349500
2016-09-27,14558,183235400
2016-09-28,14731.400390625,230927200
2016-09-29,14754.599609375,217299400
2016-09-30,14725.900390625,220198400
2016-10-03,14689,159504200
2016-10-04,14521,248628900
2016-10-05,14610.599609375,240783000
2016-10-06,14595.5,222987900
2016-10-07,14566.2998046875,192554700
2016-10-11,14549.599609375,183178100
2016-10-12,14619,189874400
2016-10-13,14643.7001953125,212846400
2016-10-14,14585,169896400
2016-10-17,14596.5,140504400
2016-10-18,14752.2998046875,195092700
2016-10-19,14840.5,212995700
2016-10-20,14847.900390625,192647800
2016-10-21,14939,178409000
2016-10-24,14923,175545700
2016-10-25,14870.599609375,202159600
2016-10-26,14807.599609375,239045100
2016-10-27,14833.7998046875,204342200
2016-10-28,14785.2998046875,202493400
2016-10-31,14787.2998046875,187207800
2016-11-01,14778.2998046875,234198000
2016-11-02,14594.7001953125,243386400
2016-11-03,14583.400390625,207046200
2016-11-04,14509.2998046875,212217800
2016-11-07,14652.5,176604500
2016-11-08,14656.7998046875,210500000
2016-11-09,14759.900390625,295775200
2016-11-10,14744.2998046875,314977300
2016-11-11,14555.400390625,276187500
2016-11-14,14598.5,289726600
2016-11-15,14756.099609375,252401800
2016-11-16,14733.2001953125,223987600
2016-11-17,14826.099609375,258580500
2016-11-18,14864,192168000
2016-11-21,15039.900390625,212035000
2016-11-22,15100.400390625,220581500
2016-11-23,15080.900390625,216007400
2016-11-24,15075.2001953125,69559100
2016-11-25,15075.400390625,129196100
2016-11-28,15015.400390625,189238400
2016-11-29,14999.7998046875,192463200
2016-11-30,15082.900390625,367857700
2016-12-01,15027.5,284152100
2016-12-02,15052.5,198304700
2016-12-05,15095.2001953125,227069700
2016-12-06,15125.7998046875,197775600
2016-12-07,15237.7998046875,220647300
2016-12-08,15295.2001953125,210441500
2016-12-09,15312.2001953125,209885700
2016-12-12,15287.7001953125,238602200
2016-12-13,15385.2998046875,226345800
2016-12-14,15197.2001953125,288274400
2016-12-15,15218.2998046875,276846800
2016-12-16,15252.2001953125,635485600
2016-12-19,15269.900390625,206908400
2016-12-20,15293,198547600
2016-12-21,15305.900390625,144851200
2016-12-22,15335.2001953125,150279900
2016-12-23,15328.2001953125,113543700
2016-12-28,15361.099609375,150188800
2016-12-29,15422.099609375,143572300
2016-12-30,15287.599609375,151033900
2017-01-03,15403,201117500
2017-01-04,15516.7998046875,215081200
2017-01-05,15586.599609375,247712500
2017-01-06,15496.099609375,198912100
2017-01-09,15389,186465200
2017-01-10,15426.2998046875,218071500
2017-01-11,15491.5,247770500
2017-01-12,15418.2001953125,240679500
2017-01-13,15497.2998046875,188584200
2017-01-16,15479.2998046875,73294800
2017-01-17,15441.400390625,207465500
2017-01-18,15397.900390625,232023600
2017-01-19,15409.7998046875,183536700
2017-01-20,15547.900390625,209609500
2017-01-23,15480.099609375,189354900
2017-01-24,15610.7001953125,257478800
2017-01-25,15643.7998046875,225249100
2017-01-26,15615.5,196639700
2017-01-27,15575.7998046875,162511800
2017-01-30,15405.099609375,201825700
2017-01-31,15386,250645400
2017-02-01,15402.400390625,219188600
2017-02-02,15399.099609375,209702900
2017-02-03,15476.400390625,189442200
2017-02-06,15456.900390625,189735800
2017-02-07,15498.7998046875,217956900
2017-02-08,15554,236404100
2017-02-09,15617.2998046875,204203000
2017-02-10,15729.099609375,220292600
2017-02-13,15756.599609375,177735900
2017-02-14,15786,203943600
2017-02-15,15845,218503900
2017-02-16,15864.2001953125,227255900
2017-02-17,15838.599609375,201416400
2017-02-21,15922.400390625,225803600
2017-02-22,15830.2001953125,219354600
2017-02-23,15781.2001953125,246185700
2017-02-24,15533.5,253962800
2017-02-27,15463.5,431018400
2017-02-28,15399.2001953125,310033800
2017-03-01,15599.7001953125,267459400
2017-03-02,15536.7001953125,232759400
2017-03-03,15608.5,216741700
2017-03-06,15629.7998046875,203871700
2017-03-07,15608.7998046875,209343000
2017-03-08,15497,219321900
2017-03-09,15496.7998046875,234936400
2017-03-10,15506.7001953125,225497900
2017-03-13,15544.7998046875,233150100
2017-03-14,15379.599609375,229413500
2017-03-15,15520.900390625,259678800
2017-03-16,15562.400390625,203344500
2017-03-17,15490.5,498165600
2017-03-20,15442.2998046875,188533500
2017-03-21,15313.099609375,214897700
2017-03-22,15348.5,224717000
2017-03-23,15433.599609375,191565100
2017-03-24,15442.7001953125,167699800
2017-03-27,15506.2001953125,188275700
2017-03-28,15598.599609375,232617000
2017-03-29,15657.599609375,184256000
2017-03-30,15578.7998046875,184165000
2017-03-31,15547.7998046875,226075100
2017-04-03,15584.400390625,208062900
2017-04-04,15669.099609375,180643800
2017-04-05,15643,227717500
2017-04-06,15697.2001953125,180306700
2017-04-07,15667.099609375,214293300
2017-04-10,15730.7998046875,164370600
2017-04-11,15727.099609375,221277700
2017-04-12,15648.400390625,208125600
2017-04-13,15535.5,179648400
2017-04-17,15684.900390625,160815800
2017-04-18,15622.599609375,206884300
2017-04-19,15552.900390625,222195500
2017-04-20,15625.599609375,198428200
2017-04-21,15614.5,177328600
2017-04-24,15712.5,202147700
2017-04-25,15745.2001953125,251930500
2017-04-26,15649.5,235581100
2017-04-27,15506.5,277398200
2017-04-28,15586.099609375,216799900
2017-05-01,15575.599609375,202493500
2017-05-02,15619.7001953125,254795900
2017-05-03,15543.099609375,240566200
2017-05-04,15396.7001953125,275477100
2017-05-05,15582,213120600
2017-05-08,15652.099609375,199934100
2017-05-09,15569.2001953125,209499100
2017-05-10,15633.2001953125,245801500
2017-05-11,15550.599609375,255468800
2017-05-12,15537.900390625,200337600
2017-05-15,15629.5,207388000
2017-05-16,15543.2998046875,211461200
2017-05-17,15273.7001953125,23474800
2017-05-18,15277.2001953125,234164500
2017-05-19,15458.5,209881600
2017-05-23,15476.900390625,225545100
2017-05-24,15419.5,204849000
2017-05-25,15410.7001953125,191402900
2017-05-26,15416.900390625,151789900
2017-05-29,15421.900390625,58843500
2017-05-30,15372.400390625,161106700
2017-05-31,15349.900390625,374619900
2017-06-01,15469.900390625,224803200
2017-06-02,15442.7998046875,179056300
2017-06-05,15409.7998046875,143408600
2017-06-06,15464.599609375,213763200
2017-06-07,15372.099609375,217926200
2017-06-08,15423.099609375,196666200
2017-06-09,15473.2001953125,234931800
2017-06-12,15383.7998046875,213191100
2017-06-13,15379.7998046875,222944700
2017-06-14,15170.099609375,273769200
2017-06-15,15160.400390625,221256000
2017-06-16,15192.5,858888100
2017-06-19,15266,187796400
2017-06-20,15149.599609375,187916100
2017-06-21,15148.5,199182100
2017-06-22,15219.900390625,208581200
2017-06-23,15319.599609375,175042300
2017-06-26,15316,149923100
2017-06-27,15281.2001953125,193094700
2017-06-28,15355.599609375,170469800
2017-06-29,15213.400390625,188734400
2017-06-30,15182.2001953125,183600900
2017-07-04,15130.599609375,65948600
2017-07-05,15153.099609375,172451300
2017-07-06,15078,188841800
2017-07-07,15027.2001953125,162697700
2017-07-10,15105.2998046875,149962300
2017-07-11,15149.099609375,160577000
2017-07-12,15144,177893800
2017-07-13,15135,155218700
2017-07-14,15174.7998046875,132014200
2017-07-17,15165.400390625,132561400
2017-07-18,15149.599609375,140094100
2017-07-19,15244.7001953125,144505500
2017-07-20,15264.599609375,141898800
2017-07-21,15183.099609375,160563700
2017-07-24,15128.7001953125,114964000
2017-07-25,15202.400390625,166052000
2017-07-26,15171.400390625,181482200
2017-07-27,15191.400390625,194483800
2017-07-28,15128.7001953125,155324100
2017-07-31,15143.900390625,159564700
2017-08-01,15202.099609375,166680200
2017-08-02,15265.599609375,175729500
2017-08-03,15192,171140900
2017-08-04,15258,154934900
2017-08-08,15256.400390625,174770100
2017-08-09,15217.2998046875,175106700
2017-08-10,15074.2998046875,195717700
2017-08-11,15033.400390625,164547500
2017-08-14,15119.900390625,148058200
2017-08-15,15097.7998046875,139781900
2017-08-16,15082.2001953125,168476300
2017-08-17,15033.599609375,134595600
2017-08-18,14952.2998046875,150614800
2017-08-21,14951.900390625,119609300
2017-08-22,14985,108993300
2017-08-23,15063.2001953125,129635800
2017-08-24,15076.2001953125,121823000
2017-08-25,15056,121605000
2017-08-28,15052,126788200
2017-08-29,15082.7001953125,170355000
2017-08-30,15133.099609375,155345300
2017-08-31,15211.900390625,195360400
2017-09-01,15191.599609375,129936400
2017-09-05,15090.2001953125,177248000
2017-09-06,15059.7998046875,174651400
2017-09-07,15024.5,153852900
2017-09-08,14985.2998046875,144437300
2017-09-11,15040.2998046875,163375200
2017-09-12,15143.400390625,163186900
2017-09-13,15126.7998046875,176837000
2017-09-14,15172.7001953125,186187100
2017-09-15,15173,548079500
2017-09-18,15236.7001953125,165350500
2017-09-19,15293,170903600
2017-09-20,15389.599609375,219715100
2017-09-21,15454.900390625,185348500
2017-09-22,15454.2001953125,168293800
2017-09-25,15516.2001953125,199184000
2017-09-26,15474.099609375,167217300
2017-09-27,15609.7001953125,203120800
2017-09-28,15618.2998046875,186250100
2017-09-29,15634.900390625,186884600
2017-10-02,15705,156580500
2017-10-03,15728.5,173093100
2017-10-04,15721,177404500
2017-10-05,15776.2998046875,163039600
2017-10-06,15728.2998046875,138492000
2017-10-10,15770.400390625,156218300
2017-10-11,15800.400390625,164401700
2017-10-12,15742.2001953125,153991800
2017-10-13,15807.2001953125,138471400
2017-10-16,15802.7001953125,146651400
2017-10-17,15816.900390625,196278100
2017-10-18,15782.2001953125,154459600
2017-10-19,15818,149310500
2017-10-20,15857.2001953125,155954500
2017-10-23,15855.7998046875,142570700
2017-10-24,15905.099609375,156385600
2017-10-25,15854.7998046875,177185000
2017-10-26,15891.599609375,190173500
2017-10-27,15953.5,209593900
2017-10-30,16002.7998046875,188586400
2017-10-31,16025.599609375,193921000
2017-11-01,16029.2998046875,224524200
2017-11-02,16015,210150200
2017-11-03,16020.2001953125,178755200
2017-11-06,16092.2001953125,196882200
2017-11-07,16131.7998046875,187894000
2017-11-08,16105.400390625,202581100
2017-11-09,16082.099609375,194341000
2017-11-10,16039.2998046875,171526200
2017-11-13,16026.2998046875,138974400
2017-11-14,15913.099609375,166018900
2017-11-15,15878.5,177046800
2017-11-16,15935.400390625,160419600
2017-11-17,15998.599609375,169091400
2017-11-20,16004.400390625,154502800
2017-11-21,16076.7001953125,156331300
2017-11-22,16073.599609375,150764100
2017-11-23,16074.2998046875,49979100
2017-11-24,16108.099609375,99351700
2017-11-27,16042.099609375,135241000
2017-11-28,16029.599609375,153985000
2017-11-29,15967.7001953125,169842300
2017-11-30,16067.5,440676100
2017-12-01,16039,220633900
2017-12-04,15969,172661600
2017-12-05,15915.7001953125,173448300
2017-12-06,15908.7998046875,180013600
2017-12-07,16015.7001953125,168828300
2017-12-08,16096.099609375,149423200
2017-12-11,16103.5,150667200
2017-12-12,16114,192679800
2017-12-13,16136.599609375,211583300
2017-12-14,16016.5,187146500
2017-12-15,16042,414094100
2017-12-18,16131.599609375,172506500
2017-12-19,16133.400390625,191021900
2017-12-20,16159.7001953125,178794500
2017-12-21,16182.599609375,159267100
2017-12-22,16165.2998046875,133173500
2017-12-27,16203.099609375,131755400
2017-12-28,16222,133908700
2017-12-29,16209.099609375,179568700
2018-01-02,16310,157073400
2018-01-03,16371.599609375,196865400
2018-01-04,16412.900390625,195975200
2018-01-05,16349.400390625,160313100
2018-01-08,16317.7001953125,166095400
2018-01-09,16319.2001953125,236911700
2018-01-10,16248,243953300
2018-01-11,16286.900390625,231161200
2018-01-12,16308.2001953125,242891100
2018-01-15,16371.7998046875,123891500
2018-01-16,16298.900390625,246627400
2018-01-17,16326.7001953125,221463200
2018-01-18,16284.5,212308100
2018-01-19,16353.5,201143600
2018-01-22,16348,205285200
2018-01-23,16357.599609375,234085600
2018-01-24,16284.2001953125,245792400
2018-01-25,16204,234944000
2018-01-26,16239.2001953125,202112800
2018-01-29,16094.7001953125,200161400
2018-01-30,15955.5,227045000
2018-01-31,15951.7001953125,249790300
2018-02-01,15860.900390625,224854400
2018-02-02,15606,233251100
2018-02-05,15334.7998046875,264583100
2018-02-06,15363.900390625,289213400
2018-02-07,15330.599609375,243344100
2018-02-08,15065.599609375,256435100
2018-02-09,15034.5,290429600
2018-02-12,15241.900390625,254215800
2018-02-13,15216.5,219326700
2018-02-14,15328.2998046875,286177400
2018-02-15,15407.7001953125,248749100
2018-02-16,15452.599609375,215288300
2018-02-20,15439.400390625,191939900
2018-02-21,15524,221868900
2018-02-22,15508.2001953125,208979300
2018-02-23,15638.5,163631100
2018-02-26,15714.7001953125,172844500
2018-02-27,15671.2001953125,195624400
2018-02-28,15442.7001953125,268253000
2018-03-01,15394,234929600
2018-03-02,15384.599609375,218609500
2018-03-05,15541.2998046875,20663500
2018-03-06,15545.2001953125,220908900
2018-03-07,15472.599609375,183071700
2018-03-08,15538.7001953125,173265200
2018-03-09,15577.7998046875,163811300
2018-03-12,15604.7998046875,152231100
2018-03-13,15647.099609375,158921500
2018-03-14,15653.599609375,167702100
2018-03-15,15670.599609375,186611800
2018-03-16,15711.2998046875,478268800
2018-03-19,15589.400390625,175993800
2018-03-20,15616.400390625,215898400
2018-03-21,15675.2998046875,261388100
2018-03-22,15399.900390625,230352600
2018-03-23,15223.7001953125,213911900
2018-03-26,15298.599609375,213984100
2018-03-27,15216.2001953125,212058200
2018-03-28,15169.900390625,214705000
2018-03-29,15367.2998046875,227294100
2018-04-02,15213.5,166742600
2018-04-03,15180.7998046875,199121700
2018-04-04,15164.400390625,227789600
2018-04-05,15356.099609375,214608900
2018-04-06,15207.400390625,200467100
2018-04-09,15227.7001953125,174468400
2018-04-10,15262.099609375,212896000
2018-04-11,15257.900390625,229950600
2018-04-12,15269.2998046875,160611500
2018-04-13,15274,190227600
2018-04-16,15300.400390625,188529800
2018-04-17,15353.2998046875,167451700
2018-04-18,15530,230935400
2018-04-19,15454.400390625,191719900
2018-04-20,15484.2998046875,170639000
2018-04-23,15552.099609375,202793400
2018-04-24,15477,202523700
2018-04-25,15509.7998046875,189569500
2018-04-26,15637.599609375,208957600
2018-04-27,15668.900390625,111784200
2018-04-30,15607.900390625,202543600
2018-05-01,15618.900390625,166611100
2018-05-02,15627.900390625,208381100
2018-05-03,15621.5,234870100
2018-05-04,15729.400390625,180930100
2018-05-07,15808.599609375,204416700
2018-05-08,15842.7001953125,239405500
2018-05-09,15910.7998046875,249620000
2018-05-10,15959.5,230424900
2018-05-11,15983.2998046875,196733700
2018-05-14,16085.599609375,226311000
2018-05-15,16097.7998046875,224440500
2018-05-16,16108.099609375,201996900
2018-05-17,16143.599609375,208702800
2018-05-18,16162.2998046875,181368400
2018-05-22,16144.7998046875,231832700
2018-05-23,16133.7998046875,195487800
2018-05-24,16113.599609375,204773800
2018-05-25,16075.7001953125,182237200
2018-05-28,16016.099609375,83342500
2018-05-29,15922.599609375,196780200
2018-05-30,16048.7001953125,187813200
2018-05-31,16061.5,288780000
2018-06-01,16043.5,181961200
2018-06-04,16052.2001953125,172744300
2018-06-05,16122.2998046875,188418400
2018-06-06,16183.900390625,185476800
2018-06-07,16192.7998046875,202165900
2018-06-08,16202.7001953125,171122400
2018-06-11,16263.2998046875,169658600
2018-06-12,16289,176743900
2018-06-13,16265.7998046875,168594800
2018-06-14,16329,166514200
2018-06-15,16314.400390625,448100700
2018-06-18,16383.599609375,203500400
2018-06-19,16316.5,195318600
2018-06-20,16421,214355600
2018-06-21,16335.2001953125,196887700
2018-06-22,16450.099609375,230346100
2018-06-25,16184,255366700
2018-06-26,16280.099609375,249086000
2018-06-27,16231.2998046875,233945300
2018-06-28,16179.900390625,212392300
2018-06-29,16277.7001953125,215940200
2018-07-03,16263.2001953125,167706400
2018-07-04,16304.7001953125,63098400
2018-07-05,16266.599609375,169774100
2018-07-06,16371.7998046875,141594800
2018-07-09,16452.30078125,149277900
2018-07-10,16548.69921875,179453700
2018-07-11,16417.30078125,223771000
2018-07-12,16567.400390625,168849100
2018-07-13,16561.099609375,140905500
2018-07-16,16494.69921875,152593700
2018-07-17,16519.19921875,164404500
2018-07-18,16477.400390625,182820700
2018-07-19,16543,179816500
2018-07-20,16435.5,175726000
2018-07-23,16420.80078125,154956300
2018-07-24,16390.099609375,178751900
2018-07-25,16420.80078125,158513300
2018-07-26,16455.69921875,185503900
2018-07-27,16394,213660700
2018-07-30,16345.5,143937900
2018-07-31,16434,218906200
2018-08-01,16376.7998046875,183217000
2018-08-02,16409.19921875,177619800
2018-08-03,16420.19921875,169210300
2018-08-07,16286.2998046875,247971400
2018-08-08,16315.099609375,173124600
2018-08-09,16417,178858400
2018-08-10,16326.5,181112000
2018-08-13,16250.7998046875,169202400
2018-08-14,16330.7001953125,187168600
2018-08-15,16148.5,284164600
2018-08-16,16225.7001953125,199689700
2018-08-17,16323.7001953125,173991100
2018-08-20,16331,208751900
2018-08-21,16297,219442800
2018-08-22,16347.2998046875,200198300
2018-08-23,16326.7998046875,171141500
2018-08-24,16356.099609375,211605900
2018-08-27,16444.400390625,213875400
2018-08-28,16355.5,198610200
2018-08-29,16390.30078125,180128300
2018-08-30,16371.599609375,216595200
2018-08-31,16262.900390625,217160800
2018-09-04,16161.2998046875,239502100
2018-09-05,16137.599609375,255580900
2018-09-06,16100.900390625,229173900
2018-09-07,16090.2998046875,225132900
2018-09-10,16057.099609375,200681100
2018-09-11,16094.2998046875,215647000
2018-09-12,16049,266571000
2018-09-13,16001.7001953125,221711900
2018-09-14,16013.5,194435900
2018-09-17,16082.2998046875,222709300
2018-09-18,16196,228914700
2018-09-19,16149.900390625,348868600
2018-09-20,16214.7998046875,259244800
2018-09-21,16224.099609375,497537500
2018-09-24,16207.2998046875,234911500
2018-09-25,16159.5,237368500
2018-09-26,16169.2998046875,234652900
2018-09-27,16204.599609375,224428600
2018-09-28,16073.099609375,260484900
2018-10-01,16104.400390625,232645500
2018-10-02,16017.2001953125,248211900
2018-10-03,16072.099609375,225949100
2018-10-04,16006.7001953125,253042000
2018-10-05,15946.2001953125,208165400
2018-10-09,15854.099609375,228171700
2018-10-10,15517.400390625,339860300
2018-10-11,15317.099609375,389019100
2018-10-12,15414.2998046875,289282400
2018-10-15,15409.5,246963900
2018-10-16,15579.7001953125,280525800
2018-10-17,15529.900390625,312769400
2018-10-18,15404.099609375,268976300
2018-10-19,15470.099609375,251480500
2018-10-22,15412.7001953125,278747800
2018-10-23,15285.2001953125,346691200
2018-10-24,14909.099609375,290191400
2018-10-25,14924.099609375,300106200
2018-10-26,14888.2998046875,269257400
2018-10-29,14721.7998046875,283759500
2018-10-30,14894.5,286522100
2018-10-31,15027.2998046875,310550400
2018-11-01,15150.2001953125,290143000
2018-11-02,15119.2998046875,268963600
2018-11-05,15217.7001953125,255477900
2018-11-06,15292.7001953125,237092100
2018-11-07,15369.400390625,271236500
2018-11-08,15357.5,281152200
2018-11-09,15274.400390625,287404100
2018-11-12,15156.400390625,241196100
2018-11-13,15131.7998046875,300186800
2018-11-14,15133.099609375,295362000
2018-11-15,15144.900390625,268321200
2018-11-16,15155.5,285186100
2018-11-19,15071,225780400
2018-11-20,14877,292344300
2018-11-21,15095,270566000
2018-11-22,15091.599609375,83391200
2018-11-23,15010.7001953125,154972200
2018-11-26,15012.7001953125,245892100
2018-11-27,14944.099609375,219177800
2018-11-28,15171.2998046875,244842300
2018-11-29,15194,223082300
2018-11-30,15197.7998046875,339228800
2018-12-03,15275,294475600
2018-12-04,15063.599609375,285129100
2018-12-05,15182.599609375,180095700
2018-12-06,14937,28338700
2018-12-07,14795.099609375,311247900
2018-12-10,14728.2998046875,275806900
2018-12-11,14667.7998046875,275639600
2018-12-12,14783.099609375,268233000
2018-12-13,14750.400390625,264774700
2018-12-14,14595.099609375,277086200
2018-12-17,14362.7001953125,264315200
2018-12-18,14416.900390625,386847800
2018-12-19,14264.099609375,370363000
2018-12-20,14141.7998046875,308247100
2018-12-21,13935.400390625,614345800
2018-12-24,13780.2001953125,170610500
2018-12-27,14165.2001953125,235414700
2018-12-28,14222,266928600
2018-12-31,14322.900390625,171356600
2019-01-02,14347.2001953125,270319800
2019-01-03,14212.7998046875,211587200
2019-01-04,14426.599609375,231237200
2019-01-07,14504.099609375,257832000
2019-01-08,14605.2001953125,260100900
2019-01-09,14804.7001953125,269093100
2019-01-10,14903.5,262984000
2019-01-11,14939.2001953125,249299500
2019-01-14,14975.5,228994500
2019-01-15,15046.2998046875,241300600
2019-01-16,15111.2998046875,248816800
2019-01-17,15211.2001953125,257298500
2019-01-18,15303.7998046875,293702200
2019-01-21,15354.2001953125,92562500
2019-01-22,15233.7998046875,228363300
2019-01-23,15208.2998046875,210174500
2019-01-24,15280.7998046875,206075300
2019-01-25,15366.099609375,216014400
2019-01-28,15378.599609375,226010300
2019-01-29,15463.099609375,233364800
2019-01-30,15484.599609375,233825500
2019-01-31,15540.599609375,286422200
2019-02-01,15506.2998046875,224777300
2019-02-04,15602.2998046875,245284400
2019-02-05,15702.7001953125,217732500
2019-02-06,15712.2998046875,218136700
2019-02-07,15703.400390625,253785300
2019-02-08,15633.2998046875,211877800
2019-02-11,15568.900390625,193012400
2019-02-12,15642.099609375,248558800
2019-02-13,15626.7001953125,236823500
2019-02-14,15696,305833800
2019-02-15,15838.2001953125,255717300
2019-02-19,15937.400390625,336230800
2019-02-20,16031.2001953125,268328500
2019-02-21,16000.900390625,298529700
2019-02-22,16013,222858800
2019-02-25,16057,219234400
2019-02-26,16067.900390625,266318500
2019-02-27,16074.2998046875,226354300
2019-02-28,15999,304602900
2019-03-01,16068.2998046875,243003500
2019-03-04,16038.099609375,286358000
2019-03-05,16086.5,256504000
2019-03-06,16092.099609375,272531800
2019-03-07,16056.5,271719200
2019-03-08,15996.2001953125,255412900
2019-03-11,16106.2001953125,250342300
2019-03-12,16136.7001953125,229111500
2019-03-13,16150,271091300
2019-03-14,16087.599609375,196598800
2019-03-15,16140.400390625,635539200
2019-03-18,16251.400390625,231369100
2019-03-19,16188.099609375,250958500
2019-03-20,16167.599609375,261723000
2019-03-21,16244.599609375,254945500
2019-03-22,16089.2998046875,325520900
2019-03-25,16065.900390625,234398100
2019-03-26,16155.2001953125,242530400
2019-03-27,16132.5,244631900
2019-03-28,16155.5,223248900
2019-03-29,16102.099609375,227955800
2019-04-01,16228.099609375,233225700
2019-04-02,16263.900390625,178277900
2019-04-03,16279.900390625,224154600
2019-04-04,16311.599609375,189917700
2019-04-05,16396.19921875,170618000
2019-04-08,16407.30078125,207573900
2019-04-09,16336.5,175136900
2019-04-10,16396.30078125,213547500
2019-04-11,16399.5,230076600
2019-04-12,16480.5,195851400
2019-04-15,16515.5,194884000
2019-04-16,16502.19921875,202476900
2019-04-17,16544.19921875,333377300
2019-04-18,16612.80078125,195729700
2019-04-22,16577.30078125,169942700
2019-04-23,16669.400390625,221708500
2019-04-24,16586.5,212959200
2019-04-25,16576.099609375,278775000
2019-04-26,16613.5,282659400
2019-04-29,16600.400390625,180944800
2019-04-30,16580.69921875,207324200
2019-05-01,16502.80078125,220860600
2019-05-02,16410.900390625,255495300
2019-05-03,16494.400390625,202157100
2019-05-06,16493.5,197204000
2019-05-07,16357.7998046875,248842000
2019-05-08,16397.400390625,213596600
2019-05-09,16321.7998046875,224368300
2019-05-10,16297.599609375,233580500
2019-05-13,16193.400390625,232643800
2019-05-14,16284.5,205376300
2019-05-15,16318.099609375,203556400
2019-05-16,16443.900390625,207250700
2019-05-17,16401.80078125,182489100
2019-05-21,16426.5,218951700
2019-05-22,16327.400390625,197464300
2019-05-23,16164.599609375,243742200
2019-05-24,16230,192188500
2019-05-27,16346.7001953125,73315600
2019-05-28,16297.5,396196700
2019-05-29,16131.5,206795300
2019-05-30,16089.2001953125,171203300
2019-05-31,16037.5,224730200
2019-06-03,16015.900390625,223718800
2019-06-04,16166.2001953125,211115800
2019-06-05,16212.7001953125,230596500
2019-06-06,16227.7998046875,164790400
2019-06-07,16231,171066300
2019-06-10,16216.2998046875,172571600
2019-06-11,16248.7998046875,178845100
2019-06-12,16227.2001953125,190864300
2019-06-13,16239.2998046875,184289900
2019-06-14,16301.900390625,170254100
2019-06-17,16353.5,185238200
2019-06-18,16503.400390625,218953000
2019-06-19,16511.80078125,190088100
2019-06-20,16574.80078125,235060200
2019-06-21,16525.400390625,493939000
2019-06-24,16523.5,198177100
2019-06-25,16371.2998046875,207158600
2019-06-26,16312.2001953125,211051800
2019-06-27,16307.7001953125,177472300
2019-06-28,16382.2001953125,207980500
2019-07-02,16471.30078125,178238300
2019-07-03,16576.19921875,143993900
2019-07-04,16588.900390625,56637400
2019-07-05,16542,133774100
2019-07-08,16463,172378100
2019-07-09,16545.19921875,159727900
2019-07-10,16563.30078125,188751200
2019-07-11,16527.900390625,190584700
2019-07-12,16488.099609375,160587500
2019-07-15,16510.80078125,147789200
2019-07-16,16502.400390625,178472900
2019-07-17,16484.19921875,165612900
2019-07-18,16494.19921875,203717800
2019-07-19,16485.900390625,164302800
2019-07-22,16518.900390625,138546100
2019-07-23,16572.69921875,148830300
2019-07-24,16611.80078125,171778800
2019-07-25,16488.19921875,209506500
2019-07-26,16531,167192900
2019-07-29,16492.19921875,184840900
2019-07-30,16466.099609375,181417800
2019-07-31,16406.599609375,265480700
2019-08-01,16377,304393300
2019-08-02,16271.7001953125,240108500
2019-08-06,16149.5,317366800
2019-08-07,16265.2001953125,279764100
2019-08-08,16404.5,230997900
2019-08-09,16341.2998046875,210694000
2019-08-12,16237.7998046875,193944600
2019-08-13,16350.7998046875,227506600
2019-08-14,16045.900390625,235438100
2019-08-15,16012.5,202386000
2019-08-16,16149.7998046875,0
2019-08-19,16304.099609375,0
2019-08-20,16213.2998046875,165281200
2019-08-21,16309.2001953125,179093700
2019-08-22,16253.5,145756500
2019-08-23,16037.599609375,227392200
2019-08-26,16098.7998046875,167942900
2019-08-27,16183.599609375,232156300
2019-08-28,16271.7001953125,182417600
2019-08-29,16384.5,183112200
2019-08-30,16442.099609375,178987200
2019-09-03,16399.19921875,223316900
2019-09-04,16448.80078125,201346000
2019-09-05,16574.80078125,236406500
2019-09-06,16535.30078125,185443700
2019-09-09,16495.099609375,216894100
2019-09-10,16537.30078125,238455800
2019-09-11,16611.099609375,218707000
2019-09-12,16643.30078125,267934400
2019-09-13,16682.400390625,221919900
2019-09-16,16751.30078125,307592600
2019-09-17,16834.80078125,247102000
2019-09-18,16800.30078125,232114900
2019-09-19,16858.400390625,209325900
2019-09-20,16899.69921875,501130200
2019-09-23,16867.19921875,168552700
2019-09-24,16798.30078125,207308500
2019-09-25,16784.30078125,197464000
2019-09-26,16790.400390625,204562400
2019-09-27,16694.30078125,196461700
2019-09-30,16658.599609375,200791800
2019-10-01,16447.69921875,225195700
2019-10-02,16311,218200100
2019-10-03,16369,237883100
2019-10-04,16449.400390625,183485000
2019-10-07,16421.80078125,155833300
2019-10-08,16294,198432200
2019-10-09,16379.900390625,168389300
2019-10-10,16422.69921875,186014600
2019-10-11,16415.19921875,200746600
2019-10-15,16418.400390625,212333000
2019-10-16,16427.19921875,165968300
2019-10-17,16426.30078125,168397700
2019-10-18,16377.099609375,166417400
2019-10-21,16418.5,155105700
2019-10-22,16391.5,171979500
2019-10-23,16335.900390625,181906700
2019-10-24,16369.2998046875,167159100
2019-10-25,16404.5,173518300
2019-10-28,16387.5,162175300
2019-10-29,16418.099609375,178116500
2019-10-30,16501.400390625,160008300
2019-10-31,16483.19921875,222279500
2019-11-01,16594.099609375,201175400
2019-11-04,16669.80078125,244774900
2019-11-05,16681.900390625,229381500
2019-11-06,16745.599609375,217181200
2019-11-07,16805.80078125,242580400
2019-11-08,16877.400390625,207483800
2019-11-11,16882.80078125,153122700
2019-11-12,16909.400390625,230960400
2019-11-13,16958,184507900
2019-11-14,16972.19921875,166391500
2019-11-15,17028.5,189379400
2019-11-18,17025.099609375,206179100
2019-11-19,17011.400390625,224995000
2019-11-20,17005.80078125,237379700
2019-11-21,16999.19921875,236455800
2019-11-22,16954.80078125,199534600
2019-11-25,17032.900390625,218539900
2019-11-26,17035.900390625,327576100
2019-11-27,17100.599609375,176184000
2019-11-28,17114.5,63774100
2019-11-29,17040.19921875,155880500
2019-12-02,16981.5,198659100
2019-12-03,16892.19921875,220648800
2019-12-04,16897.30078125,206239700
2019-12-05,16854.900390625,227230800
2019-12-06,16997,183338400
2019-12-09,16950.900390625,194556800
2019-12-10,16950.69921875,187213300
2019-12-11,16939.599609375,191719000
2019-12-12,16946.900390625,242569600
2019-12-13,17003.099609375,296508900
2019-12-16,17056.400390625,205035700
2019-12-17,17075.19921875,206814500
2019-12-18,17032,248873100
2019-12-19,17064,207784300
2019-12-20,17118.400390625,465801000
2019-12-23,17128.69921875,162520400
2019-12-24,17180.19921875,93195000
2019-12-27,17168.19921875,134796700
2019-12-30,17098.599609375,128084900
2019-12-31,17063.400390625,155098600
2020-01-02,17100,156213500
2020-01-03,17066.099609375,185492100
2020-01-06,17105.5,195351800
2020-01-07,17168.099609375,171935800
2020-01-08,17167.80078125,246980100
2020-01-09,17235.599609375,222501200
2020-01-10,17234.5,192514100
2020-01-13,17293.400390625,268086800
2020-01-14,17352.900390625,235495600
2020-01-15,17415.19921875,207645200
2020-01-16,17484.80078125,261420600
2020-01-17,17559,224673300
2020-01-20,17597.400390625,111821100
2020-01-21,17572.30078125,241563100
2020-01-22,17599.900390625,213329700
2020-01-23,17621.80078125,330914300
2020-01-24,17565.30078125,193689100
2020-01-27,17442.5,203774000
2020-01-28,17500.900390625,198139800
2020-01-29,17511.80078125,169412800
2020-01-30,17490.599609375,191070300
2020-01-31,17318.5,239157000
2020-02-03,17379.80078125,196331500
2020-02-04,17512.69921875,235045300
2020-02-05,17651.599609375,223399700
2020-02-06,17757.5,199327500
2020-02-07,17655.5,209827800
2020-02-10,17740.599609375,210735600
2020-02-11,17777.099609375,199302100
2020-02-12,17832.900390625,246203500
2020-02-13,17821.19921875,255696600
2020-02-14,17848.400390625,222706800
2020-02-18,17858.30078125,294361000
2020-02-19,17925.400390625,215953000
2020-02-20,17944.099609375,248798000
2020-02-21,17843.5,271260900
2020-02-24,17562.69921875,310120500
2020-02-25,17177.400390625,303245600
2020-02-26,17041.900390625,303632000
2020-02-27,16717.400390625,232685900
2020-02-28,16263.099609375,590219300
2020-03-02,16553.30078125,374721500
2020-03-03,16423.599609375,393127900
2020-03-04,16779.5,273718600
2020-03-05,16554,313012300
2020-03-06,16175,374703800
2020-03-09,14514.2001953125,559227400
2020-03-10,14958.099609375,571001300
2020-03-11,14270.099609375,468990900
2020-03-12,12508.5,678332900
2020-03-13,13716.2998046875,669328700
2020-03-16,12360.400390625,525668300
2020-03-17,12685.2001953125,618745200
2020-03-18,11721.400390625,589437000
2020-03-19,12170.5,531586300
2020-03-20,11851.7998046875,727890300
2020-03-23,11228.5,473241500
2020-03-24,12571.099609375,489332500
2020-03-25,13139.2001953125,553126800
2020-03-26,13371.2001953125,471047400
2020-03-27,12687.7001953125,453378000
2020-03-30,13038.5,388246500
2020-03-31,13378.7998046875,498993900
2020-04-01,12876.400390625,373013200
2020-04-02,13097.7998046875,446041600
2020-04-03,12938.2998046875,354988900
2020-04-06,13592.7001953125,386784300
2020-04-07,13614.099609375,400917900
2020-04-08,13925.7001953125,374163600
2020-04-09,14166.599609375,437301200
2020-04-13,14075.900390625,326410100
2020-04-14,14258.400390625,335902300
2020-04-15,13958.599609375,315611500
2020-04-16,13899.2998046875,288395700
2020-04-17,14359.900390625,374045500
2020-04-20,14388.2998046875,334709500
2020-04-21,13940.099609375,307129600
2020-04-22,14288.2001953125,267174100
2020-04-23,14251.099609375,311058300
2020-04-24,14420.400390625,323679000
2020-04-27,14642.099609375,284519400
2020-04-28,14798.2998046875,297711300
2020-04-29,15228.099609375,371318900
2020-04-30,14780.7001953125,403599800
2020-05-01,14620.2998046875,287321200
2020-05-04,14745,295093500
2020-05-05,14811.599609375,297575700
2020-05-06,14830.7001953125,302690800
2020-05-07,14833.7001953125,314631200
2020-05-08,14966.599609375,312192200
2020-05-11,15103.2001953125,249605200
2020-05-12,14881.2001953125,306665300
2020-05-13,14503.2001953125,311644000
2020-05-14,14509.7001953125,307622100
2020-05-15,14638.900390625,286946500
2020-05-19,14885.5,378893100
2020-05-20,14997.599609375,300482200
2020-05-21,14884.900390625,288950700
2020-05-22,14913.599609375,252740100
2020-05-25,15075.400390625,127867600
2020-05-26,15148.099609375,299837800
2020-05-27,15272,349327900
2020-05-28,15262.7001953125,333986700
2020-05-29,15192.7998046875,793563100
2020-06-01,15236.2001953125,246513500
2020-06-02,15394.400390625,281513600
2020-06-03,15575.099609375,372203400
2020-06-04,15527.900390625,300079200
2020-06-05,15854.099609375,378218200
2020-06-08,15974.900390625,443015800
2020-06-09,15833.7001953125,360731300
2020-06-10,15701.2998046875,361958600
2020-06-11,15050.900390625,374440700
2020-06-12,15256.599609375,340418600
2020-06-15,15359.7001953125,294431200
2020-06-16,15515.7998046875,288913500
2020-06-17,15428.7001953125,232465300
2020-06-18,15479.7998046875,223123700
2020-06-19,15474.2001953125,944037400
2020-06-22,15516.900390625,240802500
2020-06-23,15564.7998046875,219102200
2020-06-24,15294.400390625,237452500
2020-06-25,15446.099609375,195778400
2020-06-26,15189,256563900
2020-06-29,15389.7001953125,216259300
2020-06-30,15515.2001953125,255554700
2020-07-02,15622.400390625,212038300
2020-07-03,15596.7998046875,61228900
2020-07-06,15669.7001953125,238091400
2020-07-07,15595.5,183708700
2020-07-08,15629.2001953125,207847400
2020-07-09,15568.599609375,203776400
2020-07-10,15713.7998046875,202764300
2020-07-13,15639.400390625,229578300
2020-07-14,15908.5,231744500
2020-07-15,16063.2998046875,238757000
2020-07-16,16024.5,174875100
2020-07-17,16123.5,163793600
2020-07-20,16183.7001953125,200331300
2020-07-21,16163,222826400
2020-07-22,16171.099609375,185905000
2020-07-23,16018.7001953125,196712200
2020-07-24,15997.099609375,166469100
2020-07-27,16161.2998046875,183667000
2020-07-28,16121.2998046875,191264800
2020-07-29,16294.7001953125,188311500
2020-07-30,16299.2998046875,185968400
2020-07-31,16169.2001953125,215140900
2020-08-04,16368,241457700
2020-08-05,16501.599609375,233396100
2020-08-06,16579.099609375,224432100
2020-08-07,16544.5,184328200
2020-08-10,16605.5,224219200
2020-08-11,16497,252377700
2020-08-12,16575.30078125,221356900
2020-08-13,16530.099609375,175048500
2020-08-14,16514.599609375,163417100
2020-08-17,16656.099609375,189274000
2020-08-18,16626.099609375,165959100
2020-08-19,16577.400390625,213007900
2020-08-20,16606.80078125,182658000
2020-08-21,16517.900390625,170632100
2020-08-24,16626.599609375,185390100
2020-08-25,16617.5,158151600
2020-08-26,16790,172126300
2020-08-27,16731.5,188262000
2020-08-28,16705.80078125,208789600
2020-08-31,16514.400390625,240911400
2020-09-01,16645,199788500
2020-09-02,16698,212021600
2020-09-03,16448.900390625,204806400
2020-09-04,16218,260641900
2020-09-08,16099.5,282440900
2020-09-09,16383.599609375,227750500
2020-09-10,16185.2998046875,215670200
2020-09-11,16222.5,186518000
2020-09-14,16360.099609375,231781100
2020-09-15,16431.30078125,208592800
2020-09-16,16295.7001953125,228140600
2020-09-17,16246.7001953125,206870300
2020-09-18,16199,532484100
2020-09-21,15981.7998046875,270490900
2020-09-22,16142.900390625,194993600
2020-09-23,15817.099609375,222693800
2020-09-24,15912.2998046875,206012100
2020-09-25,16065.400390625,177956600
2020-09-28,16242.7998046875,235688000
2020-09-29,16211.5,169170700
2020-09-30,16121.400390625,262491800
2020-10-01,16184.5,214841700
2020-10-02,16199.2998046875,188127700
2020-10-05,16410.19921875,219567000
2020-10-06,16236.099609375,242801100
2020-10-07,16428.30078125,205379400
2020-10-08,16534.5,226461000
2020-10-09,16562.80078125,209636000
2020-10-13,16510.80078125,222182000
2020-10-14,16455.400390625,224321800
2020-10-15,16501,182202700
2020-10-16,16438.80078125,176881000
2020-10-19,16274.099609375,212659200
2020-10-20,16273.2998046875,213156900
2020-10-21,16230.2001953125,188644100
2020-10-22,16279.400390625,202800600
2020-10-23,16304.099609375,188749600
2020-10-26,16079.599609375,219833500
2020-10-27,16020.900390625,188804700
2020-10-28,15586.599609375,277461700
2020-10-29,15670.7001953125,205663200
2020-10-30,15580.599609375,221840800
2020-11-02,15696.900390625,197139100
2020-11-03,15939.2001953125,194521900
2020-11-04,15998.7001953125,285809900
2020-11-05,16298.2001953125,294457200
2020-11-06,16282.7998046875,285271300
2020-11-09,16475.900390625,476657600
2020-11-10,16615.400390625,311212700
2020-11-11,16774.099609375,270429800
2020-11-12,16582.19921875,268327400
2020-11-13,16675.599609375,240207100
2020-11-16,16889.80078125,306813300
2020-11-17,16948.099609375,264191800
2020-11-18,16889.80078125,254893100
2020-11-19,16909.80078125,223713200
2020-11-20,17019.099609375,230208100
2020-11-23,17094.5,277217400
2020-11-24,17274.30078125,322087400
2020-11-25,17313.099609375,249081100
2020-11-26,17351.30078125,98806100
2020-11-27,17396.599609375,187468700
2020-11-30,17190.30078125,445832900
2020-12-01,17296.900390625,296753900
2020-12-02,17358.19921875,261964200
2020-12-03,17398,251025700
2020-12-04,17521,310268400
2020-12-07,17582.400390625,337305200
2020-12-08,17639,240054200
2020-12-09,17559.900390625,285235700
2020-12-10,17593.30078125,236325200
2020-12-11,17548.900390625,215913700
2020-12-14,17387.400390625,297756300
2020-12-15,17506.5,221396900
2020-12-16,17567.400390625,256848900
2020-12-17,17652.900390625,247245800
2020-12-18,17534.599609375,484558400
2020-12-21,17500.900390625,247287200
2020-12-22,17552.5,208088700
2020-12-23,17593.599609375,185161800
2020-12-24,17623.900390625,95985400
2020-12-29,17543.400390625,205406800
2020-12-30,17545.80078125,159579800
2020-12-31,17433.400390625,158566700
2021-01-04,17527.80078125,238981100
2021-01-05,17682.5,290354800
2021-01-06,17828.099609375,310529000
2021-01-07,18027.599609375,261370100
2021-01-08,18042.099609375,259284100
2021-01-11,17934.5,225412100
2021-01-12,17985.80078125,244677100
2021-01-13,17934.69921875,241172100
2021-01-14,17958.099609375,301078300
2021-01-15,17909,272687100
2021-01-18,17944.900390625,99218700
2021-01-19,17957.400390625,249130300
2021-01-20,18014.900390625,250065700
2021-01-21,17916.19921875,223742100
2021-01-22,17845.900390625,209351600
2021-01-25,17906,246248500
2021-01-26,17779.400390625,221426800
2021-01-27,17424.400390625,291250600
2021-01-28,17657.19921875,270830400
2021-01-29,17337,304309300
2021-02-01,17692.5,249639800
2021-02-02,17874.5,261105300
2021-02-03,17915.900390625,255233000
2021-02-04,18042,257772500
2021-02-05,18135.900390625,232815100
2021-02-08,18330.30078125,304595300
2021-02-09,18408.599609375,247757000
2021-02-10,18457.80078125,258145800
2021-02-11,18393,271159600
2021-02-12,18460.19921875,253651600
2021-02-16,18492.5,290057900
2021-02-17,18374.80078125,273855900
2021-02-18,18274.099609375,266208900
2021-02-19,18384.30078125,268139900
2021-02-22,18416.69921875,334212900
2021-02-23,18330.099609375,289758200
2021-02-24,18484.5,323819900
2021-02-25,18223.5,337509600
2021-02-26,18060.30078125,402542300
2021-03-01,18299.599609375,269334400
2021-03-02,18421.599609375,286904700
2021-03-03,18320.69921875,269124900
2021-03-04,18125.69921875,334455700
2021-03-05,18381,327500800
2021-03-08,18457.80078125,328558000
2021-03-09,18599.19921875,303912400
2021-03-10,18690,242923900
2021-03-11,18844.599609375,260042200
2021-03-12,18851.30078125,254099200
2021-03-15,18954.80078125,265614100
2021-03-16,18874,264008800
2021-03-17,18983.099609375,271250700
2021-03-18,18836.5,266495000
2021-03-19,18854,602538800
2021-03-22,18815.099609375,211043900
2021-03-23,18669.80078125,252576800
2021-03-24,18628.30078125,237789800
2021-03-25,18651.099609375,258146600
2021-03-26,18752.599609375,221384200
2021-03-29,18719.19921875,236511600
2021-03-30,18705.599609375,201113500
2021-03-31,18700.69921875,272256500
2021-04-01,18990.30078125,216025700
2021-04-05,19026.80078125,214805600
2021-04-06,19104.099609375,206255900
2021-04-07,19129.099609375,215459500
2021-04-08,19228.900390625,225408600
2021-04-09,19228,183702100
2021-04-12,19201.30078125,228013000
2021-04-13,19203.69921875,221511800
2021-04-14,19171.69921875,205082600
2021-04-15,19321.900390625,202971300
2021-04-16,19351.30078125,238407300
2021-04-19,19204.400390625,192886200
2021-04-20,19040.80078125,198043100
2021-04-21,19143.30078125,168590500
2021-04-22,19031.599609375,171677300
2021-04-23,19102.30078125,170634600
2021-04-26,19170.599609375,191570100
2021-04-27,19175.099609375,184476700
2021-04-28,19357,191692600
2021-04-29,19255.900390625,198641000
2021-04-30,19108.30078125,199398200
2021-05-03,19213.19921875,185820800
2021-05-04,19188,227748500
2021-05-05,19310.69921875,246331200
2021-05-06,19291,244417800
2021-05-07,19472.69921875,249444600
2021-05-10,19361.900390625,272988500
2021-05-11,19274,268601300
2021-05-12,19107.80078125,246142000
2021-05-13,19135.80078125,239063600
2021-05-14,19366.69921875,228570100
2021-05-17,19474.69921875,246782700
2021-05-18,19507.099609375,203655300
2021-05-19,19417,271844900
2021-05-20,19543,210291100
2021-05-21,19527.30078125,171957500
2021-05-25,19564.099609375,232155800
2021-05-26,19745.5,228186300
2021-05-27,19774.400390625,465079100
2021-05-28,19852.19921875,227001800
2021-05-31,19731,102257000
2021-06-01,19976,283358600
2021-06-02,19971.19921875,251315200
2021-06-03,19941.400390625,250960000
2021-06-04,20029.19921875,191285800
2021-06-07,20035.30078125,241189900
2021-06-08,20065.900390625,246510100
2021-06-09,20002.30078125,217093200
2021-06-10,20049.5,213997600
2021-06-11,20138.400390625,164745600
2021-06-14,20157.69921875,276893700
2021-06-15,20231.30078125,221299500
2021-06-16,20231,227014100
2021-06-17,20144,270320000
2021-06-18,19999.599609375,477517000
2021-06-21,20156.400390625,200461400
2021-06-22,20200.69921875,211240900
2021-06-23,20164.400390625,199866600
2021-06-24,20215.099609375,159856200
2021-06-25,20230.30078125,179232200
2021-06-28,20145.30078125,181150800
2021-06-29,20171,185839400
2021-06-30,20165.599609375,197649100
2021-07-02,20226.099609375,182938100
2021-07-05,20281.5,75507300
2021-07-06,20300,231969900
2021-07-07,20290.599609375,191802300
2021-07-08,20061.19921875,197785500
2021-07-09,20258,152907800
2021-07-12,20233.099609375,173755200
2021-07-13,20270.69921875,165779300
2021-07-14,20147.19921875,174734700
2021-07-15,20183.69921875,171278300
2021-07-16,19985.5,174429000
2021-07-19,19726.5,251706500
2021-07-20,19942.69921875,175942000
2021-07-21,20110.099609375,161134900
2021-07-22,20097.5,141246400
2021-07-23,20188.400390625,144762700
2021-07-26,20165,175659800
2021-07-27,20173.400390625,139268000
2021-07-28,20230.400390625,139790800
2021-07-29,20311.80078125,163123700
2021-07-30,20287.80078125,192685000
2021-08-03,20365.900390625,179052400
2021-08-04,20329.69921875,164078700
2021-08-05,20375.5,181712300
2021-08-06,20475.400390625,170245200
2021-08-09,20437.400390625,182433600
2021-08-10,20495.69921875,197481600
2021-08-11,20554,186541100
2021-08-12,20520.599609375,170010800
2021-08-13,20518.099609375,157582000
2021-08-16,20483.400390625,162557100
2021-08-17,20363.599609375,186165600
2021-08-18,20302.099609375,183344200
2021-08-19,20215.400390625,193058200
2021-08-20,20339,153921700
2021-08-23,20477.30078125,190565400
2021-08-24,20547.80078125,149688600
2021-08-25,20587.30078125,204518800
2021-08-26,20504.19921875,160925700
2021-08-27,20644.599609375,165905800
2021-08-30,20595,176024600
2021-08-31,20582.900390625,228293900
2021-09-01,20689.599609375,188488500
2021-09-02,20795.099609375,161190800
2021-09-03,20821.400390625,163300500
2021-09-07,20806.599609375,206918400
2021-09-08,20741.80078125,203581900
2021-09-09,20705.30078125,188048600
2021-09-10,20633.099609375,205512300
2021-09-13,20666.400390625,262623800
2021-09-14,20553.30078125,220491900
2021-09-15,20693.80078125,265198200
2021-09-16,20602.099609375,199049100
2021-09-17,20490.400390625,506942300
2021-09-20,20154.5,271222600
2021-09-21,20244.30078125,210541200
2021-09-22,20401.5,210098300
2021-09-23,20461.900390625,252503700
2021-09-24,20402.69921875,186160200
2021-09-27,20463.400390625,257972100
2021-09-28,20174.099609375,244275400
2021-09-29,20158.099609375,216217200
2021-09-30,20070.30078125,253270400
2021-10-01,20150.900390625,204776600
2021-10-04,20052.30078125,225641400
2021-10-05,20183.400390625,241854800
2021-10-06,20191.69921875,247192300
2021-10-07,20416.19921875,193384800
2021-10-08,20416.30078125,189523800
2021-10-12,20437.099609375,267121000
2021-10-13,20618.5,234477100
2021-10-14,20819.900390625,246778800
2021-10-15,20928.099609375,213140900
2021-10-18,20985.400390625,200005600
2021-10-19,21087,203134700
2021-10-20,21188.19921875,185128900
2021-10-21,21212.400390625,170551000
2021-10-22,21216.19921875,188119200
2021-10-25,21284.80078125,238220000
2021-10-26,21173.5,179745700
2021-10-27,20955,190897400
2021-10-28,21197.5,199062800
2021-10-29,21037.099609375,244019900
2021-11-01,21247,188454600
2021-11-02,21170,187748700
2021-11-03,21265.099609375,190797100
2021-11-04,21342.099609375,254331500
2021-11-05,21455.80078125,272469000
2021-11-08,21556.5,297444000
2021-11-09,21594.5,255523000
2021-11-10,21461.900390625,233961500
2021-11-11,21582,204117800
2021-11-12,21768.5,254103800
2021-11-15,21683.099609375,262101000
2021-11-16,21717.19921875,200819700
2021-11-17,21653,245156200
2021-11-18,21637.5,219013300
2021-11-19,21555,212532700
2021-11-22,21420.80078125,244176000
2021-11-23,21453.80078125,279819000
2021-11-24,21548.400390625,208277700
2021-11-25,21613.19921875,84093300
2021-11-26,21125.900390625,265164700
2021-11-29,21149,262472000
2021-11-30,20660,639744000
2021-12-01,20464.599609375,293741100
2021-12-02,20762,266107900
2021-12-03,20633.30078125,253119400
2021-12-06,20861.099609375,294213800
2021-12-07,21162.69921875,238351700
2021-12-08,21077.400390625,206511800
2021-12-09,20925.5,226062200
2021-12-10,20890.599609375,201337800
2021-12-13,20748.5,356758100
2021-12-14,20648.599609375,215703000
2021-12-15,20769.19921875,300765900
2021-12-16,20739.80078125,242016800
2021-12-17,20739.19921875,481062600
2021-12-20,20538.19921875,258638000
2021-12-21,20924.900390625,215703700
2021-12-22,21070.099609375,168479800
2021-12-23,21218.900390625,210872000
2021-12-24,21229.69921875,40520600
2021-12-29,21344.69921875,233871000
2021-12-30,21294.599609375,145727400
2021-12-31,21222.80078125,128384600
2022-01-04,21236.5,269077900
2022-01-05,21039.69921875,311271500
2022-01-06,21072.19921875,238503500
2022-01-07,21084.5,201893900
2022-01-10,21072.30078125,249460500
2022-01-11,21274.80078125,292134500
2022-01-12,21395,282425700
2022-01-13,21293,232657500
2022-01-14,21357.599609375,248685200
2022-01-17,21537.5,102382400
2022-01-18,21274.599609375,270941200
2022-01-19,21205.19921875,269018900
2022-01-20,21058.19921875,235930000
2022-01-21,20621.400390625,314223500
2022-01-24,20571.30078125,395028200
2022-01-25,20591,273778800
2022-01-26,20595.900390625,279753000
2022-01-27,20544.099609375,271999200
2022-01-28,20741.80078125,244859200
2022-01-31,21098.30078125,273255000
2022-02-01,21319.900390625,264205400
2022-02-02,21362.400390625,255962600
2022-02-03,21094,237618600
2022-02-04,21271.900390625,236739900
2022-02-07,21235.5,267467700
2022-02-08,21377.19921875,297003600
2022-02-09,21604.19921875,253686100
2022-02-10,21531.69921875,310182300
2022-02-11,21548.80078125,341259700
2022-02-14,21352.5,296881100
2022-02-15,21502.599609375,279605200
2022-02-16,21383.599609375,255282300
2022-02-17,21176.30078125,254383600
2022-02-18,21008.19921875,243061100
2022-02-22,20907.80078125,323454100
2022-02-23,20744.19921875,292754100
2022-02-24,20761.900390625,397835700
2022-02-25,21106,272944300
2022-02-28,21126.400390625,399194900
2022-03-01,21004.5,353650800
2022-03-02,21255.599609375,291797500
2022-03-03,21250.400390625,298464500
2022-03-04,21402.400390625,332349200
2022-03-07,21304.400390625,426010600
2022-03-08,21232,490401300
2022-03-09,21493.19921875,386823000
2022-03-10,21581.69921875,310184700
2022-03-11,21461.80078125,294326600
2022-03-14,21180.80078125,327796200
2022-03-15,21187.80078125,320480100
2022-03-16,21468.80078125,310154000
2022-03-17,21771.19921875,239055600
2022-03-18,21818.5,623070600
2022-03-21,22009.099609375,264205300
2022-03-22,22074.400390625,264320300
2022-03-23,21932.19921875,280579000
2022-03-24,21937.900390625,243935500
2022-03-25,22005.900390625,255481600
2022-03-28,21977.80078125,219945400
2022-03-29,22087.19921875,278078400
2022-03-30,22076,242508000
2022-03-31,21890.19921875,266132700
2022-04-01,21953,250073700
2022-04-04,22085.599609375,279845500
2022-04-05,21930.80078125,269794200
2022-04-06,21788.599609375,233714500
2022-04-07,21834.900390625,232258500
2022-04-08,21874.400390625,203320500
2022-04-11,21790.5,289444800
2022-04-12,21715.400390625,252644300
2022-04-13,21838,211304100
2022-04-14,21855.69921875,231678300
2022-04-18,21878.400390625,228308100
2022-04-19,22018.80078125,204365100
2022-04-20,21998.400390625,218905100
2022-04-21,21650.400390625,258689400
2022-04-22,21186.400390625,287668700
2022-04-25,21011.900390625,317526500
2022-04-26,20690.80078125,256416900
2022-04-27,20744.19921875,234351800
2022-04-28,21121.099609375,280966100
2022-04-29,20762,287081200
2022-05-02,20692.19921875,253789500
2022-05-03,20905.30078125,249853500
2022-05-04,21185,300983500
2022-05-05,20696.19921875,284578000
2022-05-06,20633.30078125,274933100
2022-05-09,19999.69921875,340770200
2022-05-10,19890.099609375,361166500
2022-05-11,19837.30078125,324385300
2022-05-12,19699.099609375,320281000
2022-05-13,20099.80078125,294638400
2022-05-16,20206.400390625,310724000
2022-05-17,20491,278816000
2022-05-18,20101.400390625,256316600
2022-05-19,20181.900390625,259832400
2022-05-20,20197.599609375,221995700
2022-05-24,20286.19921875,304125000
2022-05-25,20383.80078125,240858200
2022-05-26,20532.19921875,267121500
2022-05-27,20748.599609375,267596300
2022-05-30,20919.400390625,122884600
2022-05-31,20729.30078125,588164500
2022-06-01,20713.69921875,268211700
2022-06-02,21031.80078125,244190000
2022-06-03,20790.69921875,206023800
2022-06-06,20819.099609375,279744600
2022-06-07,20928.19921875,263549000
2022-06-08,20792.400390625,266654500
2022-06-09,20563.900390625,239596000
2022-06-10,20274.80078125,283280000
2022-06-13,19742.599609375,340413100
2022-06-14,19548.5,316000900
2022-06-15,19611.599609375,281533900
2022-06-16,19004.099609375,284709200
2022-06-17,18930.5,579457700
2022-06-20,19183.599609375,126178800
2022-06-21,19257.30078125,275427300
2022-06-22,19004,283616600
2022-06-23,18717.099609375,312412300
2022-06-24,19062.900390625,262852600
2022-06-27,19258.30078125,321214400
2022-06-28,19222.69921875,275264400
2022-06-29,19078.599609375,215310300
2022-06-30,18861.400390625,272836300
2022-07-04,19028.900390625,122906700
2022-07-05,18834.19921875,338113600
2022-07-06,18729.69921875,317959800
2022-07-07,19063.19921875,251534300
2022-07-08,19022.900390625,197640400
2022-07-11,18816.80078125,225897100
2022-07-12,18678.599609375,232305400
2022-07-13,18615.19921875,227053400
2022-07-14,18329.099609375,340294700
2022-07-15,18394.5,205985000
2022-07-18,18595.599609375,270479500
2022-07-19,18937.69921875,231296300
2022-07-20,19020.69921875,197328500
2022-07-21,19062.900390625,214889000
2022-07-22,18982.900390625,180504600
2022-07-25,19104.5,219076800
2022-07-26,18972.69921875,209670300
2022-07-27,19254.599609375,230203700
2022-07-28,19456.69921875,251616900
2022-07-29,19692.900390625,252031900
2022-08-02,19505.30078125,270793400
2022-08-03,19545.900390625,220501000
2022-08-04,19577,250540000
2022-08-05,19620.099609375,238711500
2022-08-08,19669.19921875,243324500
2022-08-09,19578.30078125,216384000
2022-08-10,19885.900390625,264927000
2022-08-11,19991.900390625,268131000
2022-08-12,20179.80078125,230349300
2022-08-15,20180.599609375,272053600
2022-08-16,20270,223800800
2022-08-17,20181.400390625,225969400
2022-08-18,20265.400390625,199911000
2022-08-19,20111.400390625,212866200
2022-08-22,19974.900390625,252502700
2022-08-23,19985.400390625,237556600
2022-08-24,20021.400390625,216588500
2022-08-25,20172.30078125,248113000
2022-08-26,19873.30078125,219288100
2022-08-29,19836.099609375,286760800
2022-08-30,19512.900390625,220073700
2022-08-31,19330.80078125,281282600
2022-09-01,19142.69921875,248534900
2022-09-02,19270.900390625,211097400
2022-09-06,19088.19921875,258388000
2022-09-07,19241.400390625,233638300
2022-09-08,19413,226538100
2022-09-09,19773.30078125,233564800
2022-09-12,19987.19921875,286226100
2022-09-13,19645.400390625,248375000
2022-09-14,19726.099609375,237740700
2022-09-15,19560.19921875,218513100
2022-09-16,19385.900390625,622084600
2022-09-19,19562.400390625,264092100
2022-09-20,19368.69921875,234575900
2022-09-21,19184.5,222076200
2022-09-22,19002.69921875,209762900
2022-09-23,18481,324442400
2022-09-26,18327,350601100
2022-09-27,18307.900390625,243468100
2022-09-28,18648.900390625,229100000
2022-09-29,18441.80078125,216911900
2022-09-30,18444.19921875,238134400
2022-10-03,18881.19921875,238315900
2022-10-04,19371,283826900
2022-10-05,19235.099609375,228995200
2022-10-06,18979,247767500
2022-10-07,18583.099609375,237888300
2022-10-11,18216.69921875,304718800
2022-10-12,18206.30078125,230560900
2022-10-13,18613.599609375,263546600
2022-10-14,18326.400390625,219842600
2022-10-17,18621,272425800
2022-10-18,18798.19921875,187285700
2022-10-19,18674.400390625,205778100
2022-10-20,18579.30078125,225180200
2022-10-21,18861,209607800
2022-10-24,18918.400390625,236806800
2022-10-25,19097,227760800
2022-10-26,19279.80078125,254302600
2022-10-27,19352.099609375,223826400
2022-10-28,19471.19921875,198107200
2022-10-31,19426.099609375,262561400
2022-11-01,19517.69921875,178366400
2022-11-02,19277,290685300
2022-11-03,19241.19921875,257780000
2022-11-04,19449.80078125,298290900
2022-11-07,19545.900390625,247551300
2022-11-08,19660.30078125,231561300
2022-11-09,19344.30078125,244299000
2022-11-10,19990.400390625,301123200
2022-11-11,20111.5,266577300
2022-11-14,19921.80078125,367889200
2022-11-15,19994.80078125,242851000
2022-11-16,19958,266857900
2022-11-17,19884.599609375,257158600
2022-11-18,19980.900390625,243056700
2022-11-21,19977.099609375,319942200
2022-11-22,20220,221847400
2022-11-23,20282.30078125,238316600
2022-11-24,20344.099609375,88111700
2022-11-25,20383.80078125,157063000
2022-11-28,20220.5,276019100
2022-11-29,20277.400390625,240667600
2022-11-30,20453.30078125,510923700
2022-12-01,20525.5,234415200
2022-12-02,20485.69921875,264750500
2022-12-05,20242.30078125,293487300
2022-12-06,19990.19921875,273032300
2022-12-07,19973.19921875,241429400
2022-12-08,19969.19921875,240247300
2022-12-09,19947.099609375,215724900
2022-12-12,20019.69921875,305801700
2022-12-13,20023.5,278272300
2022-12-14,19891.69921875,263781200
2022-12-15,19600.599609375,277405200
2022-12-16,19443.30078125,543394400
2022-12-19,19200.80078125,288092500
2022-12-20,19306.900390625,256453900
2022-12-21,19571.099609375,215845900
2022-12-22,19349.69921875,222587000
2022-12-23,19506.69921875,195463800
2022-12-28,19284.099609375,241863200
2022-12-29,19485.900390625,185217200
2022-12-30,19384.900390625,155571700
2023-01-03,19443.80078125,261589200
2023-01-04,19588.80078125,238146400
2023-01-05,19506.80078125,194759400
2023-01-06,19814.5,222341300
2023-01-09,19857.099609375,211962600
2023-01-10,19898.900390625,198069200
2023-01-11,20025.099609375,231468900
2023-01-12,20211.19921875,263797000
2023-01-13,20360.099609375,237924900
2023-01-16,20390.30078125,118836200
2023-01-17,20457.5,240442600
2023-01-18,20376.19921875,280008600
2023-01-19,20341.400390625,221749000
2023-01-20,20503.19921875,219872800
2023-01-23,20631.599609375,237356600
2023-01-24,20629.599609375,210676200
2023-01-25,20599.599609375,237469000
2023-01-26,20700.5,276746400
2023-01-27,20714.5,250949400
2023-01-30,20572.099609375,260418500
2023-01-31,20767.400390625,294121300
2023-02-01,20751.099609375,293853300
2023-02-02,20740.400390625,292419400
2023-02-03,20758.30078125,262056000
2023-02-06,20628.900390625,212391500
2023-02-07,20725,227523300
2023-02-08,20679.5,188011200
2023-02-09,20597.80078125,234223700
2023-02-10,20612.099609375,254306600
2023-02-13,20702.19921875,199921700
2023-02-14,20704.80078125,213762300
2023-02-15,20720.400390625,263772700
2023-02-16,20606.400390625,263447700
2023-02-17,20515.19921875,235929000
2023-02-21,20252.599609375,247827700
2023-02-22,20193.30078125,270951400
2023-02-23,20188.19921875,253377400
2023-02-24,20219.19921875,232664600
2023-02-27,20260.099609375,257382400
2023-02-28,20221.19921875,410582800
2023-03-01,20259.80078125,321373700
2023-03-02,20337.19921875,268034900
2023-03-03,20581.599609375,269826500
2023-03-06,20514.80078125,240762000
2023-03-07,20275.5,252344800
2023-03-08,20346.5,258126000
2023-03-09,20086.69921875,285414800
2023-03-10,19774.900390625,348103000
2023-03-13,19588.900390625,356349500
2023-03-14,19694.19921875,297283300
2023-03-15,19378.80078125,387722500
2023-03-16,19539,337397200
2023-03-17,19387.69921875,606497500
2023-03-20,19519.400390625,286514000
2023-03-21,19654.900390625,242855700
2023-03-22,19532.80078125,247697000
2023-03-23,19459.900390625,266470700
2023-03-24,19501.5,235964900
2023-03-27,19624.69921875,264218600
2023-03-28,19657.5,220188500
2023-03-29,19837.69921875,226950600
2023-03-30,19941,210219500
2023-03-31,20099.900390625,295642300
2023-04-03,20278.30078125,334009100
2023-04-04,20275.80078125,253929700
2023-04-05,20159.599609375,237311100
2023-04-06,20196.69921875,212583400
2023-04-10,20275.80078125,228205600
2023-04-11,20421.900390625,201959500
2023-04-12,20454.30078125,188062200
2023-04-13,20564.5,214314900
2023-04-14,20579.900390625,200538000
2023-04-17,20642,243716600
2023-04-18,20684.69921875,230440000
2023-04-19,20680.80078125,188384700
2023-04-20,20630.69921875,198556700
2023-04-21,20693.19921875,195036300
2023-04-24,20676.69921875,225222700
2023-04-25,20439.900390625,194142700
2023-04-26,20366.69921875,228511300
2023-04-27,20522.599609375,213761600
2023-04-28,20636.5,234250900
2023-05-01,20615.099609375,189384700
2023-05-02,20407.599609375,254437000
2023-05-03,20354.69921875,238384500
2023-05-04,20238.19921875,223576300
2023-05-05,20542,227862200
2023-05-08,20585.19921875,217315900
2023-05-09,20585.69921875,187098600
2023-05-10,20499.30078125,214002200
2023-05-11,20417.599609375,219530400
2023-05-12,20419.599609375,194640200
2023-05-15,20540,235032100
2023-05-16,20242.099609375,205406500
2023-05-17,20296.400390625,193198200
2023-05-18,20297.099609375,208292000
2023-05-19,20351.099609375,174612100
2023-05-23,20146,241493000
2023-05-24,19927.69921875,207572600
2023-05-25,19774.099609375,178511300
2023-05-26,19920.30078125,186378200
2023-05-29,19968,53333800
2023-05-30,19739.69921875,176191200
2023-05-31,19572.19921875,383419700
2023-06-01,19672.30078125,199567300
2023-06-02,20024.599609375,232220500
2023-06-05,19931.599609375,217525700
2023-06-06,20055.599609375,197427000
2023-06-07,19983.69921875,200207800
2023-06-08,19942.69921875,185562900
2023-06-09,19892.099609375,162962100
2023-06-12,19921.30078125,212148400
2023-06-13,19990.400390625,205098400
2023-06-14,20015.099609375,212250000
2023-06-15,20027.400390625,199331900
2023-06-16,19975.400390625,499628700
2023-06-19,19934.19921875,51027700
2023-06-20,19754.099609375,234693800
2023-06-21,19706,222469800
2023-06-22,19580.900390625,213520500
2023-06-23,19418.19921875,205268400
2023-06-26,19587.30078125,207613200
2023-06-27,19733.099609375,177727100
2023-06-28,19818.900390625,180146900
2023-06-29,19913.19921875,173336900
2023-06-30,20155.30078125,220958700
2023-07-04,20204.900390625,71685700
2023-07-05,20103.900390625,190949600
2023-07-06,19810.69921875,215164300
2023-07-07,19831,203482400
2023-07-10,19822.5,186459900
2023-07-11,19878.599609375,190110200
2023-07-12,20070.80078125,221857300
2023-07-13,20277.599609375,206193800
2023-07-14,20262.099609375,196626900
2023-07-17,20226.80078125,205999200
2023-07-18,20376.599609375,248064900
2023-07-19,20491.19921875,184128300
2023-07-20,20436.900390625,190154700
2023-07-21,20547.5,192841400
2023-07-24,20582.099609375,192374100
2023-07-25,20551.5,197296500
2023-07-26,20561.599609375,208307300
2023-07-27,20385.5,200254200
2023-07-28,20519.400390625,201665100
2023-07-31,20626.599609375,224123400
2023-08-01,20532.900390625,188166500
2023-08-02,20218.19921875,220650100
2023-08-03,20120.69921875,191898700
2023-08-04,20236,217548900
2023-08-08,20206,227909500
2023-08-09,20275.30078125,188600200
2023-08-10,20342.900390625,209810300
2023-08-11,20407.599609375,164371100
2023-08-14,20290.5,194938800
2023-08-15,19899.80078125,216307200
2023-08-16,19899.099609375,191254000
2023-08-17,19812.19921875,167615100
2023-08-18,19818.400390625,174024900
2023-08-21,19784.900390625,201363500
2023-08-22,19691.19921875,162812800
2023-08-23,19879.80078125,184846600
2023-08-24,19775.80078125,180708000
2023-08-25,19835.80078125,147497500
2023-08-28,20025.099609375,161416000
2023-08-29,20290.400390625,175093600
2023-08-30,20330.30078125,149122100
2023-08-31,20292.599609375,295670100
2023-09-01,20545.400390625,208562600
2023-09-05,20413.80078125,207766100
2023-09-06,20227,203759200
2023-09-07,20132.099609375,229427100
2023-09-08,20074.69921875,161860900
2023-09-11,20182.80078125,182505900
2023-09-12,20223.099609375,204613300
2023-09-13,20278.900390625,203489100
2023-09-14,20567.80078125,240479500
2023-09-15,20622.30078125,511260500
2023-09-18,20492.80078125,209947200
2023-09-19,20218.900390625,204462900
2023-09-20,20214.69921875,168205300
2023-09-21,19791.599609375,234089500
2023-09-22,19780,175034100
2023-09-25,19800.599609375,223278100
2023-09-26,19556.19921875,232673700
2023-09-27,19436,234124200
2023-09-28,19590.69921875,212463200
2023-09-29,19541.30078125,244108100
2023-10-02,19177.19921875,240239600
2023-10-03,19020.900390625,227841300
2023-10-04,19034.80078125,215488300
2023-10-05,19137.80078125,191165600
2023-10-06,19246.099609375,171571500
2023-10-10,19501.19921875,211061100
2023-10-11,19663.80078125,203638900
2023-10-12,19500.19921875,149020600
2023-10-13,19462.900390625,178223300
2023-10-16,19620.80078125,192172100
2023-10-17,19692.80078125,195977300
2023-10-18,19450.69921875,189308900
2023-10-19,19348.80078125,193909500
2023-10-20,19115.599609375,200966000
2023-10-23,19046.69921875,194662500
2023-10-24,18986.5,191869600
2023-10-25,18947.900390625,182306500
2023-10-26,18875.30078125,193011000
2023-10-27,18737.400390625,169618100
2023-10-30,18856.80078125,175898200
2023-10-31,18873.5,255771100
2023-11-01,19079,211870500
2023-11-02,19626.30078125,223991900
2023-11-03,19824.900390625,241029200
2023-11-06,19743.900390625,178950300
2023-11-07,19575.599609375,228639800
2023-11-08,19530.19921875,196549500
2023-11-09,19587.400390625,204740300
2023-11-10,19654.5,170463500
2023-11-13,19709.19921875,149713900
2023-11-14,20023.69921875,223084300
2023-11-15,20057.900390625,218852500
2023-11-16,20053.099609375,216366800
2023-11-17,20175.80078125,190919700
2023-11-20,20246.5,165146100
2023-11-21,20110,192164500
2023-11-22,20114,200963400
2023-11-23,20116.69921875,48635800
2023-11-24,20103.099609375,119816500
2023-11-27,20032.69921875,218137000
2023-11-28,20036.80078125,215593500
2023-11-29,20116.19921875,203591400
2023-11-30,20236.30078125,397333600
2023-12-01,20452.900390625,227706700
2023-12-04,20410.19921875,254110400
2023-12-05,20375.900390625,235689300
2023-12-06,20274.19921875,257432800
2023-12-07,20278.5,241437600
2023-12-08,20331.5,215407200
2023-12-11,20318.400390625,255014500
2023-12-12,20233.80078125,236956300
2023-12-13,20629.5,253693200
2023-12-14,20778.80078125,314329900
2023-12-15,20529.19921875,584631200
2023-12-18,20622.69921875,223826100
2023-12-19,20839.599609375,207254000
2023-12-20,20600.80078125,252490000
2023-12-21,20765.69921875,219444700
2023-12-22,20881.19921875,185515900
2023-12-27,21015.900390625,154654900
2023-12-28,20929.400390625,149852600
2023-12-29,20958.400390625,135138200
2024-01-02,20872.099609375,211253000
2024-01-03,20818.599609375,191328700
2024-01-04,20871.400390625,176417700
2024-01-05,20937.599609375,167507900
2024-01-08,21074.900390625,200466900
2024-01-09,20971,194678700
2024-01-10,20989.400390625,178595700
2024-01-11,20918.400390625,195342900
2024-01-12,20990.19921875,212930700
2024-01-15,21061.900390625,83460200
2024-01-16,20948.099609375,217215600
2024-01-17,20695,211740300
2024-01-18,20756.69921875,192480400
2024-01-19,20906.5,208802400
2024-01-22,20924.30078125,193396200
2024-01-23,21034.599609375,173525000
2024-01-24,21025.80078125,221079400
2024-01-25,21101.5,177381800
2024-01-26,21125.30078125,150909700
2024-01-29,21200.099609375,188328800
2024-01-30,21227.900390625,167593100
2024-01-31,21021.900390625,222241000
2024-02-01,21119.19921875,186251600
2024-02-02,21085.099609375,181113800
2024-02-05,20871.900390625,199398400
2024-02-06,20957.69921875,151661400
2024-02-07,20969.19921875,160630600
2024-02-08,20919.599609375,195797300
2024-02-09,21009.599609375,155281600
2024-02-12,21067.30078125,188524700
2024-02-13,20585,236175200
2024-02-14,20889.400390625,199373100
2024-02-15,21222.69921875,232048500
2024-02-16,21255.599609375,195644300
2024-02-20,21217.5,238684600
2024-02-21,21172.400390625,205207700
2024-02-22,21318.099609375,228936600
2024-02-23,21413.19921875,221386200
2024-02-26,21324.30078125,228851800
2024-02-27,21318.900390625,224618300
2024-02-28,21243.80078125,169901600
2024-02-29,21363.599609375,465797000
2024-03-01,21552.400390625,258838300
2024-03-04,21531.099609375,224641800
2024-03-05,21525.900390625,261291200
2024-03-06,21594,205464500
2024-03-07,21794.599609375,193764600
2024-03-08,21737.5,230381100
2024-03-11,21769.19921875,200188300
2024-03-12,21831,212991900
2024-03-13,21970.099609375,268151700
2024-03-14,21829.900390625,281739300
2024-03-15,21849.19921875,601872700
2024-03-18,21837.19921875,233448900
2024-03-19,21860.599609375,203251000
2024-03-20,22045.69921875,234228600
2024-03-21,22087.30078125,240423700
2024-03-22,21984.099609375,186013800
2024-03-25,21942.30078125,205318500
2024-03-26,21912.5,241140400
2024-03-27,22107.099609375,208095800
2024-03-28,22167,245102700
2024-04-01,22185.30078125,207425200
2024-04-02,22075.099609375,239992600
2024-04-03,22112.5,244078700
2024-04-04,22051.80078125,243706600
2024-04-05,22264.400390625,226864800
2024-04-08,22260.30078125,198698200
2024-04-09,22361.80078125,204403700
2024-04-10,22199.099609375,242568000
2024-04-11,22110.099609375,228788500
2024-04-12,21900,236964400
2024-04-15,21740.19921875,228341100
2024-04-16,21642.900390625,228683400
2024-04-17,21656.099609375,210382700
2024-04-18,21708.400390625,208481800
2024-04-19,21807.400390625,216771100
2024-04-22,21872,251755000
2024-04-23,22011.69921875,219020200
2024-04-24,21873.69921875,194073200
2024-04-25,21885.400390625,215405500
2024-04-26,21969.19921875,180266400
2024-04-29,22011.599609375,215065900
2024-04-30,21714.5,253686700
2024-05-01,21728.599609375,241507200
2024-05-02,21823.19921875,221847800
2024-05-03,21947.400390625,228985700
2024-05-06,22259.5,234299700
2024-05-07,22290.599609375,190099600
2024-05-08,22259.19921875,220846500
2024-05-09,22375.80078125,207372300
2024-05-10,22308.900390625,242184400
2024-05-13,22259.19921875,207788000
2024-05-14,22243.30078125,224376000
2024-05-15,22284.80078125,221116900
2024-05-16,22299.80078125,191357800
2024-05-17,22465.400390625,243629500
2024-05-21,22468.19921875,264642500
2024-05-22,22346.80078125,234235500
2024-05-23,22200.80078125,240357600
2024-05-24,22320.900390625,200498000
2024-05-27,22373.400390625,81363000
2024-05-28,22265.099609375,231949500
2024-05-29,21898,232685600
2024-05-30,22071.69921875,205983400
2024-05-31,22269.099609375,373397200
2024-06-03,22116.69921875,272252400
2024-06-04,21978.19921875,223803600
2024-06-05,22145,216727300
2024-06-06,22229.099609375,198208700
2024-06-07,22007,238335600
2024-06-10,22069.80078125,227995100
2024-06-11,21887.30078125,219585500
2024-06-12,21961.599609375,244264400
2024-06-13,21698.099609375,239756200
2024-06-14,21639.099609375,224349800
2024-06-17,21587.900390625,283551500
2024-06-18,21611.30078125,222238400
2024-06-19,21516.900390625,95798000
2024-06-20,21581.400390625,274646100
2024-06-21,21554.900390625,673563300
2024-06-24,21848.599609375,258177200
2024-06-25,21788.5,204190200
2024-06-26,21793.900390625,193992600
2024-06-27,21942.19921875,171009300
2024-06-28,21875.80078125,276278900
2024-07-02,21953.80078125,272323600
2024-07-03,22223.69921875,166705700
2024-07-04,22244,69899700
2024-07-05,22059,225355600
2024-07-08,22126.099609375,179359500
2024-07-09,22042.5,175435900
2024-07-10,22350.19921875,242273200
2024-07-11,22544.099609375,228304000
2024-07-12,22673.5,187317600
2024-07-15,22751.69921875,200939000
2024-07-16,22995.400390625,190782300
2024-07-17,22851.19921875,197698700
2024-07-18,22726.80078125,230478600
2024-07-19,22690.400390625,157255100
2024-07-22,22872.69921875,209074300
2024-07-23,22813.80078125,156543300
2024-07-24,22639.599609375,194142500
2024-07-25,22608,212777400
2024-07-26,22814.80078125,174461100
2024-07-29,22779.599609375,173007000
2024-07-30,22824.69921875,188736600
2024-07-31,23110.80078125,255760100
2024-08-01,22723.19921875,253145500
2024-08-02,22227.599609375,293203700
2024-08-06,21979.400390625,322343500
2024-08-07,21881,260264600
2024-08-08,22225.599609375,207742800
2024-08-09,22311.30078125,193471800
2024-08-12,22398.900390625,245704500
2024-08-13,22618.19921875,218020800
2024-08-14,22760,229000300
2024-08-15,23032.69921875,208220100
2024-08-16,23054.599609375,182345900
2024-08-19,23116.400390625,258284600
2024-08-20,23037.400390625,205279200
2024-08-21,23121.69921875,175405300
2024-08-22,23037.5,214223700
2024-08-23,23286.099609375,200271100
2024-08-26,23349,211205900
2024-08-27,23260,204086500
2024-08-28,23127,220336900
2024-08-29,23227.5,228787600
2024-08-30,23346.19921875,314444900
2024-09-03,23042.5,312301700
2024-09-04,23040.80078125,228750900
2024-09-05,22988.30078125,209588300
2024-09-06,22781.400390625,250135600
2024-09-09,23027.19921875,254960300
2024-09-10,23003.099609375,292281000
2024-09-11,23211.19921875,265748800
2024-09-12,23475.099609375,312048900
2024-09-13,23568.69921875,261854300
2024-09-16,23702.099609375,267640100
2024-09-17,23677.69921875,276234500
2024-09-18,23592.599609375,239771300
2024-09-19,23866.30078125,249652800
2024-09-20,23867.400390625,742792500
2024-09-23,23894.69921875,299271000
2024-09-24,23952.19921875,222321800
2024-09-25,23905.900390625,209808900
2024-09-26,24033.80078125,251126000
2024-09-27,23956.80078125,330882900
2024-09-30,24000.400390625,235526800
2024-10-01,24034,251218300
2024-10-02,24001.599609375,203004000
2024-10-03,23968.5,209437900
2024-10-04,24162.80078125,229682100
2024-10-07,24102.69921875,256823000
2024-10-08,24072.5,207903200
2024-10-09,24224.900390625,182137600
2024-10-10,24302.30078125,254987400
2024-10-11,24471.19921875,227977200
2024-10-15,24439.099609375,278927200
2024-10-16,24561.19921875,230565800
2024-10-17,24690.5,219053900
2024-10-18,24822.5,231848200
2024-10-21,24723.30078125,219491900
2024-10-22,24689.69921875,82801600
2024-10-23,24573.599609375,184290100
2024-10-24,24551.599609375,212931800
2024-10-25,24463.69921875,171032700
2024-10-28,24565.69921875,220373200
2024-10-29,24562.599609375,201022200
2024-10-30,24507.80078125,179923200
2024-10-31,24156.900390625,283411400
2024-11-01,24255.19921875,210239500
2024-11-04,24256.099609375,251991400
2024-11-05,24387.900390625,197183200
2024-11-06,24637.5,273181100
2024-11-07,24845.900390625,259934800
2024-11-08,24759.400390625,213057300
2024-11-11,24789.30078125,212522000
2024-11-12,24923,242350000
2024-11-13,24989,217240300
2024-11-14,25049.69921875,219873300
2024-11-15,24890.69921875,253363600
2024-11-18,24976.900390625,286275200
2024-11-19,25010.80078125,226203600
2024-11-20,25036.5,214812100
2024-11-21,25390.69921875,270817700
2024-11-22,25444.30078125,196541000
2024-11-25,25410.400390625,444928500
2024-11-26,25405.099609375,274999500
2024-11-27,25488.30078125,201383600
2024-11-28,25543.5,81479800
2024-11-29,25648,176428600
2024-12-02,25590.30078125,295580600
2024-12-03,25635.69921875,268960100
2024-12-04,25641.19921875,277667000
2024-12-05,25680,250512000
2024-12-06,25691.80078125,229584500
2024-12-09,25625.400390625,287251400
2024-12-10,25504.30078125,269234200
2024-12-11,25657.69921875,257757200
2024-12-12,25410.69921875,243068700
2024-12-13,25274.30078125,222088900
2024-12-16,25147.19921875,256368800
2024-12-17,25119.69921875,280468000
2024-12-18,24557,296439200
2024-12-19,24413.900390625,231747700
2024-12-20,24599.5,517445900
2024-12-23,24749,258159700
2024-12-24,24846.80078125,86275400
2024-12-27,24796.400390625,218074800
2024-12-30,24620.599609375,201541100
2024-12-31,24727.900390625,154427000
2025-01-02,24898,215089400
2025-01-03,25073.5,186569100
2025-01-06,24999.80078125,239976800
2025-01-07,24929.900390625,237759800
2025-01-08,25051.69921875,249050200
2025-01-09,25073.400390625,102055300
2025-01-10,24767.69921875,286998300
2025-01-13,24536.30078125,243466400
2025-01-14,24588.599609375,226054200
2025-01-15,24789.30078125,214065500
2025-01-16,24846.19921875,231750100
2025-01-17,25067.900390625,216651200
2025-01-20,25130.80078125,51725900
2025-01-21,25281.599609375,227097500
2025-01-22,25311.5,204134500
2025-01-23,25434.099609375,201243100
2025-01-24,25468.5,191948400
2025-01-27,25289.19921875,232863700
2025-01-28,25419.5,202058100
2025-01-29,25473.30078125,182757300
2025-01-30,25808.30078125,225807000
2025-01-31,25533.099609375,249261900
2025-02-03,25241.80078125,322868900
2025-02-04,25279.400390625,241818100
2025-02-05,25569.80078125,253026000
2025-02-06,25534.5,242542000
2025-02-07,25442.900390625,238132400
2025-02-10,25658.900390625,275555500
2025-02-11,25631.80078125,224685900
2025-02-12,25563.099609375,210483500
2025-02-13,25698.5,203033900
2025-02-14,25483.19921875,226493100
2025-02-18,25648.80078125,289906600
2025-02-19,25626.19921875,233785200
2025-02-20,25514.099609375,267026600
2025-02-21,25147,263242700
2025-02-24,25151.30078125,247217200
2025-02-25,25204,292375600
2025-02-26,25328.400390625,228348000
2025-02-27,25128.19921875,275138100
2025-02-28,25393.5,450777100
2025-03-03,25001.599609375,340862200
2025-03-04,24572,350240700
2025-03-05,24870.80078125,323156900
2025-03-06,24584,332961300
2025-03-07,24758.80078125,301444800
2025-03-10,24380.69921875,459731100
2025-03-11,24248.19921875,365186900
2025-03-12,24423.30078125,332655500
2025-03-13,24203.19921875,343747400
2025-03-14,24553.400390625,262196500
2025-03-17,24785.099609375,331049100
2025-03-18,24706.099609375,246983500
2025-03-19,25069.19921875,230910800
2025-03-20,25060.19921875,224988600
2025-03-21,24968.5,481351300
2025-03-24,25304.099609375,307770500
2025-03-25,25339.5,257341600
2025-03-26,25161.099609375,212749600
2025-03-27,25161.099609375,214047400
2025-03-28,24759.19921875,281350400
2025-03-31,24917.5,278912400
2025-04-01,25033.30078125,230398300
2025-04-02,25307.19921875,219965200
2025-04-03,24335.80078125,340850800
2025-04-04,23193.5,473362500
2025-04-07,22859.5,439793300
2025-04-08,22506.900390625,386919300
2025-04-09,23727,435947900
2025-04-10,23014.900390625,320205200
2025-04-11,23587.80078125,298060700
2025-04-14,23866.5,265948100
2025-04-15,24067.900390625,246121600
2025-04-16,24106.80078125,262243700
2025-04-17,24192.80078125,251010200
2025-04-21,24008.900390625,205181800
2025-04-22,24306,250029500
2025-04-23,24472.69921875,238730600
2025-04-24,24727.5,224419200
2025-04-25,24710.5,214234300
2025-04-28,24798.599609375,224287200
2025-04-29,24874.5,199905200
2025-04-30,24841.69921875,271264200
2025-05-01,24795.599609375,213319000
2025-05-02,25031.5,208379000
2025-05-05,24953.5,206754300
2025-05-06,24974.69921875,259503800
2025-05-07,25161.19921875,272414400
2025-05-08,25254.099609375,296047700
2025-05-09,25357.69921875,272247300
2025-05-12,25532.19921875,395734600
2025-05-13,25616.900390625,264169400
2025-05-14,25692.5,239029300
2025-05-15,25897.5,273126400
2025-05-16,25971.900390625,253501900
2025-05-20,26055.599609375,279199200
2025-05-21,25839.19921875,260043400
2025-05-22,25854,250168400
2025-05-23,25880,210950300
2025-05-26,26098.400390625,59828500
2025-05-27,26269,289380100
2025-05-28,26283.5,252953300
2025-05-29,26210.599609375,222482400
2025-05-30,26175.099609375,466986500
2025-06-02,26389,309638300
2025-06-03,26426.599609375,274196000
2025-06-04,26329,236078700
2025-06-05,26342.30078125,269779600
2025-06-06,26429.099609375,260528100
2025-06-09,26375.80078125,297189900
2025-06-10,26426.30078125,282387900
2025-06-11,26524.19921875,282010700
2025-06-12,26615.80078125,258764900
2025-06-13,26504.400390625,344873000
2025-06-16,26568.599609375,336369300
2025-06-17,26541.400390625,266053700
2025-06-18,26559.900390625,246676400
2025-06-19,26503.30078125,49472100
2025-06-20,26497.599609375,503992700
2025-06-23,26609.400390625,308416400
2025-06-24,26718.599609375,276580400
2025-06-25,26566.30078125,237801300
2025-06-26,26752,245526400
2025-06-27,26692.30078125,309773400
2025-06-30,26857.099609375,256419400
2025-07-02,26869.69921875,267379900
2025-07-03,27034.30078125,165784400
2025-07-04,27050.900390625,38494700
2025-07-07,27020.30078125,299306600
2025-07-08,26903.599609375,325494600
2025-07-09,26972.30078125,226394100
2025-07-10,27082.30078125,271236700
2025-07-11,27023.30078125,221467900
2025-07-14,27198.900390625,222940900
2025-07-15,27054.099609375,220698100
2025-07-16,27153,213116600
2025-07-17,27386.900390625,222730400
2025-07-18,27314,192406300
2025-07-21,27317,218636700
2025-07-22,27364.400390625,240118600
2025-07-23,27416.400390625,211667500
2025-07-24,27372.30078125,227503500
2025-07-25,27494.400390625,191524300
2025-07-28,27405.400390625,205699100
2025-07-29,27539.900390625,201499500
2025-07-30,27370,211185700
2025-07-31,27259.80078125,236411000
2025-08-01,27020.400390625,224548300
2025-08-05,27570.099609375,282282500
2025-08-06,27920.900390625,261123900
2025-08-07,27761.30078125,222711100
2025-08-08,27758.69921875,229789800
2025-08-11,27775.19921875,219844100
2025-08-12,27921.30078125,204006700
2025-08-13,27993.400390625,228308900
2025-08-14,27916,206508300
2025-08-15,27905.5,207135100
2025-08-18,27922.900390625,211170700
2025-08-19,27823.900390625,189729900
2025-08-20,27878.80078125,215029900
2025-08-21,28055.400390625,208913900
2025-08-22,28333.099609375,303570000
2025-08-25,28169.900390625,238288800
2025-08-26,28339.900390625,380689500
2025-08-27,28433,251914200
2025-08-28,28434.80078125,203072100
2025-08-29,28564.5,249046500
2025-09-02,28615.599609375,246992600
2025-09-03,28751.400390625,235955700
2025-09-04,28915.900390625,215745900
2025-09-05,29050.599609375,245660000
2025-09-08,29027.69921875,285660000
2025-09-09,29063,278823600
2025-09-10,29179.400390625,287547500
2025-09-11,29407.900390625,256899600
2025-09-12,29283.80078125,218533800
2025-09-15,29431,307016200
2025-09-16,29315.19921875,318858700
2025-09-17,29321.69921875,260946900
2025-09-18,29453.5,219478600
2025-09-19,29768.400390625,812397000
2025-09-22,29959,352957600
2025-09-23,29815.599609375,296641400
2025-09-24,29757,312079700
2025-09-25,29732,293274800
2025-09-26,29761.30078125,297599800
2025-09-29,29971.900390625,264613400
2025-09-30,30022.80078125,258525200
2025-10-01,30107.69921875,227878300
2025-10-02,30160.599609375,272062800
2025-10-03,30471.69921875,279826500
2025-10-06,30531.900390625,263418200
2025-10-07,30351.69921875,249223800
2025-10-08,30502,292002200
2025-10-09,30270,275008600
2025-10-10,29850.900390625,314817500
2025-10-14,30353.599609375,345275800
2025-10-15,30637.099609375,280486500
2025-10-16,30458.80078125,276484000
2025-10-17,30108.5,282271000
2025-10-20,30416.400390625,229130400
2025-10-21,29888.80078125,245603000
2025-10-22,29983,270038700
2025-10-23,30186.30078125,255404100
2025-10-24,30353.099609375,212699600
2025-10-27,30275.80078125,276258400
2025-10-28,30419.69921875,241969100
2025-10-29,30144.80078125,260738400
2025-10-30,30179,242639000
2025-10-31,30260.69921875,280312100
2025-11-03,30275.099609375,264274200
2025-11-04,29777.80078125,242806300
2025-11-05,30103.5,282495800
2025-11-06,29868.599609375,264378600
2025-11-07,29912.19921875,297981000
2025-11-10,30316.599609375,286689900
2025-11-11,30409.30078125,201509000
2025-11-12,30827.599609375,285848300
2025-11-13,30253.599609375,296062200
2025-11-14,30326.5,316911300
2025-11-17,30076.19921875,314802500
2025-11-18,30036.5,280541100
2025-11-19,30278.400390625,251813300
2025-11-20,29906.599609375,248350800
2025-11-21,30160.69921875,266881500
2025-11-24,30604.400390625,453168900
2025-11-25,30900.69921875,282654100
2025-11-26,31180.30078125,234778200
2025-11-27,31216.19921875,34506200
2025-11-28,31382.80078125,207817800
2025-12-01,31101.80078125,289026600
2025-12-02,31049.30078125,273879400
2025-12-03,31160.5,285143900
2025-12-04,31477.599609375,290212300
2025-12-05,31311.400390625,267078100
2025-12-08,31170,313912900
2025-12-09,31244.400390625,256259200
2025-12-10,31490.900390625,299938000
2025-12-11,31660.69921875,264198400
2025-12-12,31527.400390625,285540400
2025-12-15,31483.400390625,291964000
2025-12-16,31263.900390625,313057400
2025-12-17,31250,295937800
2025-12-18,31440.900390625,266169000
2025-12-19,31755.80078125,689859400
2025-12-22,32000.099609375,290359100
2025-12-23,32058.69921875,245182100
2025-12-24,31999.80078125,82632300
2025-12-29,31896.599609375,262173400
2025-12-30,31866.30078125,220444500
2025-12-31,31712.80078125,135200300
2026-01-02,31883.400390625,219395600
2026-01-05,32220,375678700
