date,log_return
2015-04-01,0.0026938678545960215
2015-04-02,0.005605770068086713
2015-04-06,0.004919175355469818
2015-04-07,0.005817187990119876
2015-04-08,0.0016314376934740693
2015-04-09,0.007380555212273876
2015-04-10,0.004043710025678493
2015-04-13,-3.12022701738357e-4
2015-04-14,3.704685282333031e-4
2015-04-15,0.003994829311695369
2015-04-16,-0.004157293044087851
2015-04-17,-0.0017042222856584743
2015-04-20,0.0033795673386709524
2015-04-21,-0.004304387071112359
2015-04-22,-0.002714452368328679
2015-04-23,0.005707414563936197
2015-04-24,0.0010324061059581169
2015-04-27,-0.004175302727809083
2015-04-28,1.3033476834500846e-4
2015-04-29,7.820543413394887e-5
2015-04-30,-0.008033577735883313
2015-05-01,0.007544772977871261
2015-05-04,0.001804144486960979
2015-05-05,-0.012678017381757556
2015-05-06,-0.009934579990314774
2015-05-07,0.004310441383664099
2015-05-08,0.005367059549820752
2015-05-11,-0.001147684747291322
2015-05-12,-0.007246033782033479
2015-05-13,-0.0041633558242359925
2015-05-14,0.003159036935137749
2015-05-15,0.005309242040747009
2015-05-19,8.535081477667461e-4
2015-05-20,-0.003192724106821032
2015-05-21,0.008640434198191826
2015-05-22,-1.8417102454826306e-4
2015-05-25,-8.818827600691748e-4
2015-05-26,-0.009035029485843893
2015-05-27,0.0039587334541550945
2015-05-28,-2.316538440076954e-4
2015-05-29,-0.0061684789999230105
2015-06-01,0.003988279863188282
2015-06-02,0.0020279531739397783
2015-06-03,0.00330476115590983
2015-06-04,-0.008968002946261322
2015-06-05,-0.004149922497118652
2015-06-08,-0.014404073258182493
2015-06-09,0.005033696270219323
2015-06-10,0.004800259950053842
2015-06-11,-0.003909816831402679
2015-06-12,-0.006066560618908312
2015-06-15,0.001010222320569909
2015-06-16,-2.0332642631792908e-4
2015-06-17,-0.0013633279921378971
2015-06-18,0.0025488164310925043
2015-06-19,-0.007986801640841534
2015-06-22,0.009333192261907541
2015-06-23,0.0077049613799768935
2015-06-24,0.00285401761557047
2015-06-25,-0.0033506481339262706
2015-06-26,-0.006019111663317034
2015-06-29,-0.02170172963690753
2015-06-30,0.004345186265778622
2015-07-02,0.005803128574484617
2015-07-03,0.0030286369880716535
2015-07-06,-0.006066474490220131
2015-07-07,0.0021151548224214167
2015-07-08,-0.014630100079269681
2015-07-09,-0.009313195042706113
2015-07-10,0.00924380649268386
2015-07-13,0.008436984901909028
2015-07-14,0.0045447579637318825
2015-07-15,0.004299101591476173
2015-07-16,0.004681318371002163
2015-07-17,-0.0060121449600920585
2015-07-20,-0.01494435483343004
2015-07-21,-0.003430303858623418
2015-07-22,-0.00481818480358065
2015-07-23,-0.0029188379284352806
2015-07-24,-0.005567377458799427
2015-07-27,-0.013112322340587568
2015-07-28,0.005413349821187907
2015-07-29,0.015814687477979206
2015-07-30,0.005647644826856535
2015-07-31,0.005933953287010851
2015-08-04,0.0015676529911541337
2015-08-05,8.208836593368574e-4
2015-08-06,-0.00671765257154
2015-08-07,-0.007189527718850286
2015-08-10,0.011380401803135598
2015-08-11,-0.0035802133220474985
2015-08-12,-0.005230565708707502
2015-08-13,-0.007075399505028557
2015-08-14,0.002770347077341029
2015-08-17,-0.0018507502996385483
2015-08-18,-0.004049841964556933
2015-08-19,-0.011144146168490465
2015-08-20,-0.02157525385666048
2015-08-21,-0.01935327065980097
2015-08-24,-0.0317446277996023
2015-08-25,0.007495203166053344
2015-08-26,0.01739037277473976
2015-08-27,0.02837204696630735
2015-08-28,0.007122216483047339
2015-08-31,-4.3283487081602345e-4
2015-09-01,-0.027593954322364667
2015-09-02,0.0046915351861862575
2015-09-03,0.003765471282079602
2015-09-04,-0.008724110268149232
2015-09-08,0.011243645737891939
2015-09-09,-0.007274726151141664
2015-09-10,0.0028042435415045475
2015-09-11,-0.008020374093964833
2015-09-14,-0.008070228630742804
2015-09-15,0.008159382277245442
2015-09-16,0.022119030018124874
2015-09-17,0.0016986966899175115
2015-09-18,-0.010228221434529061
2015-09-21,0.009662333386684097
2015-09-22,-0.0211445717978318
2015-09-23,-0.007992616620960291
2015-09-24,-0.0033679640959718427
2015-09-25,0.0029867871390987233
2015-09-28,-0.02835327525692577
2015-09-29,0.0024883576914938033
2015-09-30,0.020498743880963843
2015-10-01,-0.004904138317646911
2015-10-02,0.007358491876466644
2015-10-05,0.01580434406154474
2015-10-06,0.006992775374321525
2015-10-07,0.01607121339751849
2015-10-08,0.007921857514473274
2015-10-09,-0.001023494575472128
2015-10-13,-0.008608759869639826
2015-10-14,0.0022077649209322203
2015-10-15,-0.0033424304615827793
2015-10-16,6.57792817577274e-4
2015-10-19,-0.005776054233857408
2015-10-20,0.006050677158270901
2015-10-21,-0.009997882778128186
2015-10-22,0.012609660507376219
2015-10-23,0.005432690117661565
2015-10-26,-0.011735737386466383
2015-10-27,-0.0066423758710172365
2015-10-28,0.011871254618519345
2015-10-29,-0.005156369794669047
2015-10-30,-0.019231164630850728
2015-11-02,0.006909213776985723
2015-11-03,0.006387820143293865
2015-11-04,-0.0035437581660371364
2015-11-05,-0.007567834144968089
2015-11-06,-4.057229174190269e-4
2015-11-09,-0.005230109447516895
2015-11-10,-0.005279961256119847
2015-11-11,-0.005210486586024743
2015-11-12,-0.016223060051869354
2015-11-13,-0.0039537962651952085
2015-11-16,0.018346327716949773
2015-11-17,-0.0027896663187672033
2015-11-18,0.008965413466615502
2015-11-19,0.005492337573606676
2015-11-20,-0.0029954573750181623
2015-11-23,-0.003811147153873762
2015-11-24,0.001896172592035228
2015-11-25,-3.281773340955141e-4
2015-11-26,0.001625117151784039
2015-11-27,-0.004254785518758908
2015-11-30,0.007571361109519614
2015-12-01,0.012270531129209061
2015-12-02,-0.012716071286206443
2015-12-03,-0.010385117459970061
2015-12-04,0.002555858709518688
2015-12-07,-0.023939086694348077
2015-12-08,-0.009266264312209671
2015-12-09,0.0011677921832529137
2015-12-10,0.0060876656844772725
2015-12-11,-0.01756182036503695
2015-12-14,-0.007416015624825079
2015-12-15,0.01749790792187511
2015-12-16,0.018899806781323747
2015-12-17,-0.011934678544120558
2015-12-18,0.0011061922719193262
2015-12-21,7.752179784592528e-4
2015-12-22,0.0037140174749801247
2015-12-23,0.015322017450353442
2015-12-24,0.0018725100230518876
2015-12-29,-0.00482008501799136
2015-12-30,-0.007844485376297783
2015-12-31,-0.010117728405065307
2016-01-04,-0.006384658739865046
2016-01-05,-5.494257558655846e-4
2016-01-06,-0.015074217111257227
2016-01-07,-0.022133941082394415
2016-01-08,-2.1693804471922817e-4
2016-01-11,-0.010191989335158524
2016-01-12,0.00442232472832238
2016-01-13,-0.016582640920379532
2016-01-14,0.013515010557876295
2016-01-15,-0.021508848601211383
2016-01-18,-0.010934606266918223
2016-01-19,0.005011620638047276
2016-01-20,-0.013344596064055025
2016-01-21,0.016148496253327593
2016-01-22,0.028963496711204684
2016-01-25,-0.02008802107675045
2016-01-26,0.015371371266166278
2016-01-27,0.0037638000274480277
2016-01-28,0.01714925140701773
2016-01-29,0.01811643304973032
2016-02-01,-0.011585972266285438
2016-02-02,-0.018482299914893474
2016-02-03,0.012039162039908291
2016-02-04,0.014309892356862974
2016-02-05,-8.222879645742864e-4
2016-02-08,-0.01807203550294645
2016-02-09,-0.02036488875358522
2016-02-10,-0.007928635022768304
2016-02-11,-0.008099529084104162
2016-02-12,0.024015588814439326
2016-02-16,0.013939783742515033
2016-02-17,0.024562460290368904
2016-02-18,0.004977039558671237
2016-02-19,-0.009166963638847392
2016-02-22,0.0025097810243508434
2016-02-23,-0.0064195791356507215
2016-02-24,-0.0018115482912701708
2016-02-25,0.0010433716457445286
2016-02-26,0.003459711829043144
2016-02-29,0.004879587007105002
2016-03-01,0.009418602566384493
2016-03-02,0.0027539079904705943
2016-03-03,0.008094407379608981
2016-03-04,0.006743580360828005
2016-03-07,0.012866696423158075
2016-03-08,-0.005431803345082642
2016-03-09,0.0061265006822281975
2016-03-10,-0.0010309862895887534
2016-03-11,0.010624230001415214
2016-03-14,-0.0032963603247981865
2016-03-15,-0.005744548152962992
2016-03-16,0.005789036822017479
2016-03-17,0.01056861268578757
2016-03-18,-0.009159911086369377
2016-03-21,0.00473055274910017
2016-03-22,-0.004997283347785597
2016-03-23,-0.008484403219410908
2016-03-24,-0.001600771610576146
2016-03-28,0.002400197514063507
2016-03-29,0.002684925724711462
2016-03-30,0.005777901431338606
2016-03-31,-7.111243363056019e-4
2016-04-01,-0.004009687896912695
2016-04-04,-0.007782968638455401
2016-04-05,-0.002364786040837785
2016-04-06,0.0032117304511150024
2016-04-07,-0.006094549029766583
2016-04-08,0.009773870187755662
2016-04-11,0.0019463164946476041
2016-04-12,0.011746499317279557
2016-04-13,0.006604849747553487
2016-04-14,-2.2681930881773837e-4
2016-04-15,-0.002277901728412246
2016-04-18,0.006038663623757046
2016-04-19,0.0106935058524531
2016-04-20,0.0031679089238547675
2016-04-21,-0.0021660247291954704
2016-04-22,-5.188357802037302e-4
2016-04-25,-0.005637889888514991
2016-04-26,9.708529119603071e-4
2016-04-27,0.005654022379340873
2016-04-28,-9.35983280125896e-5
2016-04-29,0.004677057330610523
2016-05-02,-0.006176104977280161
2016-05-03,-0.011453191400592644
2016-05-04,-0.005537762903660592
2016-05-05,0
2016-05-06,0.005085345804724639
2016-05-09,-0.010100851049546833
2016-05-10,0.015465423326260108
2016-05-11,9.432799131960934e-4
2016-05-12,-2.9039064768809908e-5
2016-05-13,-0.0028471566818701888
2016-05-16,0.010484132531320967
2016-05-17,0.0016971669342709106
2016-05-18,-0.006567394277475103
2016-05-19,-6.294614363131501e-4
2016-05-20,0.007376474711506376
2016-05-24,0.002389509164585135
2016-05-25,0.007198320240959788
2016-05-26,-3.2025164491322755e-4
2016-05-27,0.003978069010397434
2016-05-30,-0.0013124338834309413
2016-05-31,-0.0014847984701038541
2016-06-01,-1.6351666828562372e-4
2016-06-02,0.005212685337420808
2016-06-03,0.006332022179366348
2016-06-06,0.003466332672983796
2016-06-07,0.006242603816611236
2016-06-08,-0.0036612580121282434
2016-06-09,-0.005120268557899266
2016-06-10,-0.014322585919266828
2016-06-13,-0.003110771772121268
2016-06-14,-0.00787003125882002
2016-06-15,0.002826543049332386
2016-06-16,-0.002956181150651105
2016-06-17,0.0013964351738469105
2016-06-20,0.008116977825695315
2016-06-21,-1.9979054463448165e-4
2016-06-22,-6.067939777008036e-4
2016-06-23,0.009070591992864863
2016-06-24,-0.017093334815113437
2016-06-27,-0.014654948864425421
2016-06-28,0.01110701625437649
2016-06-29,0.013917310172955055
2016-06-30,0.001978549924073647
2016-07-04,0.013727408481795322
2016-07-05,-0.002760033442683607
2016-07-06,8.084160278727381e-4
2016-07-07,-0.006811065808442152
2016-07-08,0.008825758612848844
2016-07-11,0.00713451809840393
2016-07-12,0.008030654008731375
2016-07-13,0.001111410250226541
2016-07-14,0.0014271914566190702
2016-07-15,-0.0022140037076212593
2016-07-18,0.0034465202687901098
2016-07-19,-5.369295823669518e-4
2016-07-20,6.194465266098348e-4
2016-07-21,0.0022131184219347233
2016-07-22,0.00239318446040393
2016-07-25,-0.007051906732547408
2016-07-26,0.003573414202685754
2016-07-27,-2.4057876492911134e-4
2016-07-28,4.2614198085999533e-4
2016-07-29,0.0020593511810442777
2016-08-02,-0.0072747248425706346
2016-08-03,0.0024215741088919884
2016-08-04,0.0011501156982269833
2016-08-05,0.008225534533337964
2016-08-08,0.007264237764408321
2016-08-09,0.0030856264832070934
2016-08-10,-0.0017717084678157136
2016-08-11,0.001427042838068715
2016-08-12,-0.0032900292351385474
2016-08-15,0.001998341026403949
2016-08-16,-0.004993131796805272
2016-08-17,-3.9459755282322817e-4
2016-08-18,-1.2924129497271508e-4
2016-08-19,-5.581553725182431e-4
2016-08-22,0.004124262779546584
2016-08-23,0.0011249016450669558
2016-08-24,-0.009431501941437048
2016-08-25,3.076197393028224e-4
2016-08-26,6.286304641047735e-4
2016-08-29,0.002871549097628545
2016-08-30,1.9752786952942358e-4
2016-08-31,-0.005935248528679438
2016-09-01,0.005867149050745368
2016-09-02,0.0075849291348895065
2016-09-06,0.0011685623848407545
2016-09-07,-0.0010942456238023368
2016-09-08,4.391877183014259e-4
2016-09-09,-0.017946643589041855
2016-09-12,0.003919379981899951
2016-09-13,-0.01713565684148044
2016-09-14,0.0012119122004339289
2016-09-15,0.009504695309544786
2016-09-16,-0.003660932948294615
2016-09-19,0.0031436897808223563
2016-09-20,0.001778181369756382
2016-09-21,0.012917163671946952
2016-09-22,0.005856082251634476
2016-09-23,-0.006733333867931179
2016-09-26,-0.00534839900329942
2016-09-27,-0.004215583314339355
2016-09-28,0.011840625906184954
2016-09-29,0.0015735754959660397
2016-09-30,-0.0019469973586652145
2016-10-03,-0.002508960390274595
2016-10-04,-0.011503036800677435
2016-10-05,0.006151388396830271
2016-10-06,-0.0010340039185159355
2016-10-07,-0.002002633943522625
2016-10-11,-0.0011471531005380342
2016-10-12,0.004758577546624565
2016-10-13,0.001688169650359228
2016-10-14,-0.004016618860152477
2016-10-17,7.881706283310308e-4
2016-10-18,0.010617215645579492
2016-10-19,0.005960940300424156
2016-10-20,4.985375217856358e-4
2016-10-21,0.006116775644374073
2016-10-24,-0.0010715961108491712
2016-10-25,-0.003517563862191153
2016-10-26,-0.004245546986535231
2016-10-27,0.0017678114160410985
2016-10-28,-0.003274916792666005
2016-10-31,1.3526034433652967e-4
2016-11-01,-6.088156774701758e-4
2016-11-02,-0.01250141289818174
2016-11-03,-7.74540153436476e-4
2016-11-04,-0.005094112659351779
2016-11-07,0.009821159688572223
2016-11-08,2.934089007240459e-4
2016-11-09,0.007009692277740953
2016-11-10,-0.0010575163731356696
2016-11-11,-0.012894468551733596
2016-11-14,0.00295669808813237
2016-11-15,0.010737746433497009
2016-11-16,-0.0015530662862115463
2016-11-17,0.0062856509147977135
2016-11-18,0.0025530672992228887
2016-11-21,0.011764513464516568
2016-11-22,0.004014563868770082
2016-11-23,-0.0012921910062591024
2016-11-24,-3.780459190441121e-4
2016-11-25,1.3279689865086652e-5
2016-11-28,-0.003987935047279123
2016-11-29,-0.0010395124630715458
2016-11-30,0.005524823022918568
2016-12-01,-0.0036798217507190145
2016-12-02,0.0016622344252859023
2016-12-05,0.002832735073617698
2016-12-06,0.0020250567375033057
2016-12-07,0.00737728789743386
2016-12-08,0.0037598963905658422
2016-12-09,0.001110842576053983
2016-12-12,-0.0016013127443219588
2016-12-13,0.006363899114338878
2016-12-14,-0.012301282192710872
2016-12-15,0.0013874250141956423
2016-12-16,0.0022251295260868886
2016-12-19,0.00115982825276717
2016-12-20,0.0015116113639912498
2016-12-21,8.431931360028955e-4
2016-12-22,0.0019124517760449322
2016-12-23,-4.5657037591517735e-4
2016-12-28,0.002144032407043639
2016-12-29,0.0039632059949603615
2016-12-30,-0.008759503572076
2017-01-03,0.007520278910273959
2017-01-04,0.007360999699411508
2017-01-05,0.004488250363319679
2017-01-06,-0.005823191550870632
2017-01-09,-0.006935385672466765
2017-01-10,0.002420863865706835
2017-01-11,0.004217654061806186
2017-01-12,-0.004742843937549424
2017-01-13,0.0051171601286750246
2017-01-16,-0.0011621677171120837
2017-01-17,-0.002451395524829536
2017-01-18,-0.0028210775048389536
2017-01-19,7.724961343296144e-4
2017-01-20,0.008921948409966518
2017-01-23,-0.004370303542843956
2017-01-24,0.008401286227673666
2017-01-25,0.002118070789764559
2017-01-26,-0.0018106491569511718
2017-01-27,-0.0025455955346131987
2017-01-30,-0.011019817111304064
2017-01-31,-0.0012405930328522885
2017-02-01,0.001065361757552452
2017-02-02,-2.1432600767035126e-4
2017-02-03,0.005007267429625983
2017-02-06,-0.0012607773558297453
2017-02-07,0.002707058111125704
2017-02-08,0.0035552513012042652
2017-02-09,0.004061421377723917
2017-02-10,0.007133213436537389
2017-02-13,0.0017468252365446801
2017-02-14,0.0018641709626532332
2017-02-15,0.0037305218566743292
2017-02-16,0.0012110174675328267
2017-02-17,-0.001615036631452682
2017-02-21,0.005276973376956207
2017-02-22,-0.005807426966056184
2017-02-23,-0.0031001498598062227
2017-02-24,-0.01582038851039691
2017-02-27,-0.004516573797250345
2017-02-28,-0.004166835520834411
2017-03-01,0.012936123120041998
2017-03-02,-0.004046716073991874
2017-03-03,0.004610657913998395
2017-03-06,0.001363698288420423
2017-03-07,-0.0013444906894672926
2017-03-08,-0.007188388455380945
2017-03-09,-1.2918410376983047e-5
2017-03-10,6.386627936549871e-4
2017-03-13,0.0024539638017131438
2017-03-14,-0.010684234452146057
2017-03-15,0.009145597394091709
2017-03-16,0.0026702456698988186
2017-03-17,-0.0046308408046016325
2017-03-20,-0.0031164482121166515
2017-03-21,-0.008401838883765222
2017-03-22,0.002309103687052172
2017-03-23,0.005529176193874719
2017-03-24,5.894868399778375e-4
2017-03-27,0.004103544119841374
2017-03-28,0.005941185053943698
2017-03-29,0.003775255568479352
2017-03-30,-0.0050453940483699
2017-03-31,-0.0019918661619637845
2017-04-03,0.002351302032652214
2017-04-04,0.005420156213437721
2017-04-05,-0.0016670626208412642
2017-04-06,0.003458832362916553
2017-04-07,-0.001919417641474297
2017-04-10,0.004057614292621636
2017-04-11,-2.3524745125946822e-4
2017-04-12,-0.005016613841885231
2017-04-13,-0.007240972585647043
2017-04-17,0.009570763293925921
2017-04-18,-0.00397993218789594
2017-04-19,-0.004471417291012969
2017-04-20,0.004663428356240118
2017-04-21,-7.106001569034959e-4
2017-04-24,0.006256604187106163
2017-04-25,0.0020789954057409687
2017-04-26,-0.006096601728110329
2017-04-27,-0.009179676734751396
2017-04-28,0.005120175493518175
2017-05-01,-6.739042260619499e-4
2017-05-02,0.0028273884586731413
2017-05-03,-0.004916165472645062
2017-05-04,-0.009463571684547034
2017-05-05,0.011963188480484277
2017-05-08,0.004488666422252763
2017-05-09,-0.005310452120884435
2017-05-10,0.004102254246513226
2017-05-11,-0.005297672486301863
2017-05-12,-8.169721573150213e-4
2017-05-15,0.00587792834549461
2017-05-16,-0.005530489116448933
2017-05-17,-0.017497257201545935
2017-05-18,2.2912581760614614e-4
2017-05-19,0.011797480214490008
2017-05-23,0.001189601075957114
2017-05-24,-0.003715672760547406
2017-05-25,-5.708561651047717e-4
2017-05-26,4.022496255462471e-4
2017-05-29,3.2426682731845347e-4
2017-05-30,-0.003214883363350296
2017-05-31,-0.0014647343102929256
2017-06-01,0.007787240888564639
2017-06-02,-0.0017533630326163063
2017-06-05,-0.002139204670099204
2017-06-06,0.003549857699200132
2017-06-07,-0.005999363082588971
2017-06-08,0.0033122076115361665
2017-06-09,0.003243147572193905
2017-06-12,-0.005794512802278717
2017-06-13,-2.600475934766422e-4
2017-06-14,-0.013728587845628581
2017-06-15,-6.395686903033493e-4
2017-06-16,0.002115094170816789
2017-06-19,0.0048262483489054375
2017-06-20,-0.007654030194229833
2017-06-21,-7.258602946436099e-5
2017-06-22,0.004702290622548233
2017-06-23,0.006529221037492761
2017-06-26,-2.349951975784137e-4
2017-06-27,-0.00227470614766645
2017-06-28,0.0048568754431830286
2017-06-29,-0.009303558797077116
2017-06-30,-0.002052942246180578
2017-07-04,-0.003404544358257766
2017-07-05,0.0014859481979101474
2017-07-06,-0.004968377917448308
2017-07-07,-0.0033748224607688115
2017-07-10,0.00518375735579113
2017-07-11,0.0028954357802888353
2017-07-12,-3.366845577996713e-4
2017-07-13,-5.944714333399048e-4
2017-07-14,0.0026262019425189465
2017-07-17,-6.196013409720535e-4
2017-07-18,-0.0010424398931796475
2017-07-19,0.006257811293231441
2017-07-20,0.0013044820439489513
2017-07-21,-0.005353455054846634
2017-07-24,-0.0035893264548132464
2017-07-25,0.004859720810395984
2017-07-26,-0.0020412335609272247
2017-07-27,0.001317401713805566
2017-07-28,-0.004135888963274326
2017-07-31,0.001004221394639515
2017-08-01,0.0038357141043725562
2017-08-02,0.004168354918283157
2017-08-03,-0.004832931916880057
2017-08-04,0.004334982158052725
2017-08-08,-1.0484291717993699e-4
2017-08-09,-0.0025661870494460004
2017-08-10,-0.0094416316171273
2017-08-11,-0.002716875679984909
2017-08-14,0.005737364403760381
2017-08-15,-0.0014627579025070503
2017-08-16,-0.001033771422417118
2017-08-17,-0.003227583424198599
2017-08-18,-0.005422548963872842
2017-08-21,-2.6712907212456116e-5
2017-08-22,0.002211292580774682
2017-08-23,0.005204995397656731
2017-08-24,8.626582239674718e-4
2017-08-25,-0.0013407715472268933
2017-08-28,-2.657101118330729e-4
2017-08-29,0.002037531864235831
2017-08-30,0.0033359673500736875
2017-08-31,0.005193670020254615
2017-09-01,-0.0013354241628071861
2017-09-05,-0.0066970783575470705
2017-09-06,-0.0020166103434497984
2017-09-07,-0.002346727104615809
2017-09-08,-0.0026124944426921815
2017-09-11,0.0036635445906814113
2017-09-12,0.00683156712053723
2017-09-13,-0.001096827077102347
2017-09-14,0.003029781068146775
2017-09-15,1.9759286198350878e-5
2017-09-18,0.004189471653699428
2017-09-19,0.0036882031691831685
2017-09-20,0.006296723861446196
2017-09-21,0.004234199212939771
2017-09-22,-4.5306741338180245e-5
2017-09-25,0.004003828303345003
2017-09-26,-0.0027170186866456447
2017-09-27,0.008724895089470053
2017-09-28,5.507627508887225e-4
2017-09-29,0.001062328810807145
2017-10-02,0.004473513023709685
2017-10-03,0.0014952203463316494
2017-10-04,-4.7695512756362746e-4
2017-10-05,0.0035114033171552705
2017-10-06,-0.0030471764590753736
2017-10-10,0.0026731649716786876
2017-10-11,0.0019004908515007912
2017-10-12,-0.0036902639781839497
2017-10-13,0.00412052788093753
2017-10-16,-2.8472092444431496e-4
2017-10-17,8.981894776667332e-4
2017-10-18,-0.0021962782875135645
2017-10-19,0.002265797038125683
2017-10-20,0.00247513607386729
2017-10-23,-8.83165027545374e-5
2017-10-24,0.003104436284299794
2017-10-25,-0.003167506677963061
2017-10-26,0.0023183618835105335
2017-10-27,0.0038875977368455494
2017-10-30,0.0030854538291418265
2017-10-31,0.0014237245042423297
2017-11-01,2.3086613257738975e-4
2017-11-02,-8.925022998713672e-4
2017-11-03,3.2465508730972203e-4
2017-11-06,0.004484256534887265
2017-11-07,0.002457772424834914
2017-11-08,-0.001637823371996916
2017-11-09,-0.0014478157868857977
2017-11-10,-0.002664879538070153
2017-11-13,-8.108378368483216e-4
2017-11-14,-0.007088465743260386
2017-11-15,-0.0021766519118671113
2017-11-16,0.00357708112484012
2017-11-17,0.003958119951169792
2017-11-20,3.625148463282102e-4
2017-11-21,0.004507322116152679
2017-11-22,-1.928806863986665e-4
2017-11-23,4.356087491785843e-5
2017-11-24,0.0021005156688378435
2017-11-27,-0.004105734603056632
2017-11-28,-7.795034835957892e-4
2017-11-29,-0.003869044679225553
2017-11-30,0.006230654214110842
2017-12-01,-0.001775341908063055
2017-12-04,-0.004373913496511506
2017-12-05,-0.00334328715702803
2017-12-06,-4.336527350403685e-4
2017-12-07,0.0066971003571048016
2017-12-08,0.005007479029620399
2017-12-11,4.5965731531261156e-4
2017-12-12,6.518196863041226e-4
2017-12-13,0.0014015003347491728
2017-12-14,-0.007470518822964678
2017-12-15,0.0015908420779453536
2017-12-18,0.005569774106440661
2017-12-19,1.1162443836276736e-4
2017-12-20,0.0016288191610502878
2017-12-21,0.001416066144175332
2017-12-22,-0.001069609257491777
2017-12-27,0.002335600311106134
2017-12-28,0.0011657877997759414
2017-12-29,-7.955568242081767e-4
2018-01-02,0.0062056278089777095
2018-01-03,0.00376968588185278
2018-01-04,0.002519532284967596
2018-01-05,-0.003876411485233433
2018-01-08,-0.0019408031134915404
2018-01-09,9.192049386363976e-5
2018-01-10,-0.004372516416797367
2018-01-11,0.002391303412338175
2018-01-12,0.0013069330872692575
2018-01-15,0.003892269869536946
2018-01-16,-0.004462685807940403
2018-01-17,0.001704171626959905
2018-01-18,-0.00258808131041377
2018-01-19,0.004228206556584624
2018-01-22,-3.3637601038805087e-4
2018-01-23,5.870315643399238e-4
2018-01-24,-0.0044972727124772405
2018-01-25,-0.0049371992134492615
2018-01-26,0.0021699591232007265
2018-01-29,-0.008938047080366829
2018-01-30,-0.008686440005586604
2018-01-31,-2.381785103171552e-4
2018-02-01,-0.005708433110365618
2018-02-02,-0.016201530062438962
2018-02-05,-0.017530713010602383
2018-02-06,0.0018958844816818754
2018-02-07,-0.0021698215846726043
2018-02-08,-0.01743683230554005
2018-02-09,-0.002066413124543587
2018-02-12,0.013700679881086586
2018-02-13,-0.001667874621613663
2018-02-14,0.007320414909706585
2018-02-15,0.005166616817453118
2018-02-16,0.0029098515586589713
2018-02-20,-8.545396577250841e-4
2018-02-21,0.0054645044682004595
2018-02-22,-0.0010182846174817684
2018-02-23,0.008366893700138434
2018-02-26,0.004860769865285164
2018-02-27,-0.0027719471043994304
2018-02-28,-0.01468823292774779
2018-03-01,-0.0031585893103294183
2018-03-02,-6.108394167760878e-4
2018-03-05,0.010134000261595943
2018-03-06,2.509379084454366e-4
2018-03-07,-0.004681229421480637
2018-03-08,0.004263006482078779
2018-03-09,0.002513112332913181
2018-03-12,0.0017317354605310697
2018-03-13,0.0027070246168445777
2018-03-14,4.1532619115081104e-4
2018-03-15,0.0010854229058061549
2018-03-16,0.002593865820243124
2018-03-19,-0.007788965076423793
2018-03-20,0.0017304479334967482
2018-03-21,0.003764543521381114
2018-03-22,-0.017725171374500803
2018-03-23,-0.011507604356038925
2018-03-26,0.0049078585089628035
2018-03-27,-0.0054006327989917224
2018-03-28,-0.003047435480455718
2018-03-29,0.012928635395207166
2018-04-02,-0.010058670957992177
2018-04-03,-0.0021517329327753743
2018-04-04,-0.0010808573055047788
2018-04-05,0.012562162462261384
2018-04-06,-0.009730586617271442
2018-04-09,0.0013339734258774882
2018-04-10,0.0022564548720218625
2018-04-11,-2.751781635961237e-4
2018-04-12,7.468365601432936e-4
2018-04-13,3.0777259691383563e-4
2018-04-16,0.0017269609116823403
2018-04-17,0.0034514245417920364
2018-04-18,0.01144321524092895
2018-04-19,-0.004879859441729195
2018-04-20,0.0019328170338059891
2018-04-23,0.004369057868704118
2018-04-24,-0.004840601690753843
2018-04-25,0.0021170186753280973
2018-04-26,0.008206176070867599
2018-04-27,0.0019996353268361133
2018-04-30,-0.003900659646763671
2018-05-01,7.045230494178156e-4
2018-05-02,5.760589899672652e-4
2018-05-03,-4.0963286555850686e-4
2018-05-04,0.006883426971540985
2018-05-07,0.005022473538897287
2018-05-08,0.0021547676930868676
2018-05-09,0.004289272916826903
2018-05-10,0.003056151559048814
2018-05-11,0.00149015172352307
2018-05-14,0.006380022611516267
2018-05-15,7.581670127478901e-4
2018-05-16,6.396222571662946e-4
2018-05-17,0.002201435285392961
2018-05-18,0.0011576955132195366
2018-05-22,-0.0010833533138647766
2018-05-23,-6.81566149642876e-4
2018-05-24,-0.0012528264803783884
2018-05-25,-0.0023547844659681516
2018-05-28,-0.003714385283734245
2018-05-29,-0.0058549827883851435
2018-05-30,0.007888402449143683
2018-05-31,7.972423272093465e-4
2018-06-01,-0.0011213207840548023
2018-06-04,5.42140876980568e-4
2018-06-05,0.004357470685995679
2018-06-06,0.0038135503538452298
2018-06-07,5.497418966697865e-4
2018-06-08,6.112201344770085e-4
2018-06-11,0.003733116475828524
2018-06-12,0.0015790098276617925
2018-06-13,-0.0014253012999159154
2018-06-14,0.0038779360446206113
2018-06-15,-8.944907806007762e-4
2018-06-18,0.004232633314558143
2018-06-19,-0.004103944902485779
2018-06-20,0.006384137758056241
2018-06-21,-0.005238702926471106
2018-06-22,0.0070092318909740214
2018-06-25,-0.01630843260875814
2018-06-26,0.005920379202208892
2018-06-27,-0.0030020141990814153
2018-06-28,-0.0031717095844321364
2018-06-29,0.006026329667127683
2018-07-03,-8.911862170748464e-4
2018-07-04,0.0025485230526989255
2018-07-05,-0.002339519978885818
2018-07-06,0.006446428839222307
2018-07-09,0.004905001905518347
2018-07-10,0.005842169127033614
2018-07-11,-0.007971797206732134
2018-07-12,0.009101228153223673
2018-07-13,-3.803843413354713e-4
2018-07-16,-0.004017478462976953
2018-07-17,0.001484223654713901
2018-07-18,-0.0025335247254467674
2018-07-19,0.00397328287365184
2018-07-20,-0.006519422093457905
2018-07-23,-8.947580452556281e-4
2018-07-24,-0.0018714013007556929
2018-07-25,0.0018714013007556929
2018-07-26,0.0021230027896947945
2018-07-27,-0.0037564600450217256
2018-07-30,-0.0029627841279253886
2018-07-31,0.005399729406082798
2018-08-01,-0.0034866722908901693
2018-08-02,0.0019764183233181853
2018-08-03,6.701310980528064e-4
2018-08-07,-0.008187985027177547
2018-08-08,0.0017667838004946645
2018-08-09,0.006226347899588092
2018-08-10,-0.005527828756838105
2018-08-13,-0.004647428241000284
2018-08-14,0.004904657599949402
2018-08-15,-0.011219617816339067
2018-08-16,0.004769250895966692
2018-08-17,0.006021634496962136
2018-08-20,4.470906035241029e-4
2018-08-21,-0.0020841003007543435
2018-08-22,0.00308169235032274
2018-08-23,-0.0012548166856909404
2018-08-24,0.0017929751069889477
2018-08-27,0.005384124910355226
2018-08-28,-0.005420785262170824
2018-08-29,0.0021255118837615328
2018-08-30,-0.0011416415826435156
2018-08-31,-0.006661638494987798
2018-09-04,-0.006266980703049541
2018-09-05,-0.0014675546223603675
2018-09-06,-0.002276733384157126
2018-09-07,-6.586014970775267e-4
2018-09-10,-0.002065498778817343
2018-09-11,0.002314064867514176
2018-09-12,-0.0028186175628199805
2018-09-13,-0.002951563537635593
2018-09-14,7.371376814653274e-4
2018-09-17,0.004287159720773204
2018-09-18,0.0070450219662916425
2018-09-19,-0.002850416283427748
2018-09-20,0.0040105114930018
2018-09-21,5.733736415383106e-4
2018-09-24,-0.0010360210471134224
2018-09-25,-0.002953633953692858
2018-09-26,6.062585092454498e-4
2018-09-27,0.0021807579139991873
2018-09-28,-0.008148085564956276
2018-10-01,0.0019455079557317845
2018-10-02,-0.0054293937992717645
2018-10-03,0.003421668154762969
2018-10-04,-0.004077428399341443
2018-10-05,-0.003786828210159854
2018-10-09,-0.005792451267444321
2018-10-10,-0.021466117191565104
2018-10-11,-0.012992174269051304
2018-10-12,0.006325811469372056
2018-10-15,-3.114349792507909e-4
2018-10-16,0.010984594995555597
2018-10-17,-0.0032015741949233956
2018-10-18,-0.008133540749534873
2018-10-19,0.004275421044482641
2018-10-22,-0.0037172458792937846
2018-10-23,-0.008306804799914858
2018-10-24,-0.024913314177364754
2018-10-25,0.0010055911975133114
2018-10-26,-0.002401673303657148
2018-10-29,-0.011246281308526562
2018-10-30,0.011662642123676292
2018-10-31,0.008876516621512565
2018-11-01,0.008145212168301441
2018-11-02,-0.002041685614825539
2018-11-05,0.006487176432111497
2018-11-06,0.004916366229634761
2018-11-07,0.005002941992028553
2018-11-08,-7.745910631218322e-4
2018-11-09,-0.005425704064991876
2018-11-12,-0.007755339222013546
2018-11-13,-0.0016244340164490723
2018-11-14,8.589519300983284e-5
2018-11-15,7.794954651920705e-4
2018-11-16,6.996349665815416e-4
2018-11-19,-0.005591134939734843
2018-11-20,-0.012955971262432087
2018-11-21,0.014547166983694737
2018-11-22,-2.2529139971894097e-4
2018-11-23,-0.005374978613282622
2018-11-26,1.3322941285309753e-4
2018-11-27,-0.004579975584812601
2018-11-28,0.015088925292689126
2018-11-29,0.0014951408144998624
2018-11-30,2.500546023416206e-4
2018-12-03,0.005066837374288369
2018-12-04,-0.013936293359350316
2018-12-05,0.007868797871672939
2018-12-06,-0.016308653241827287
2018-12-07,-0.009545337860931369
2018-12-10,-0.004525218640457851
2018-12-11,-0.004116198150457606
2018-12-12,0.007830008322832427
2018-12-13,-0.002214382454615915
2018-12-14,-0.01058439836451086
2018-12-17,-0.016051247351194675
2018-12-18,0.0037665748160193857
2018-12-19,-0.010655292837560282
2018-12-20,-0.00861092680748854
2018-12-21,-0.014702543746325958
2018-12-24,-0.011199599811760663
2018-12-27,0.02755547283744697
2018-12-28,0.004001795182176693
2018-12-31,0.007069620807227395
2019-01-02,0.0016951325603749012
2019-01-03,-0.009411861537643063
2019-01-04,0.014930744419345388
2019-01-07,0.005357643435862869
2019-01-08,0.0069463019126860814
2019-01-09,0.013567068057151133
2019-01-10,0.006651373579414255
2019-01-11,0.002392559125604876
2019-01-14,0.002426888604398769
2019-01-15,0.004716568386918141
2019-01-16,0.004310694584109598
2019-01-17,0.006589216065897574
2019-01-18,0.006069139348701569
2019-01-21,0.003287914151538729
2019-01-22,-0.007872434447786958
2019-01-23,-0.0016753119063004362
2019-01-24,0.004755806998398171
2019-01-25,0.005566633270349897
2019-01-28,8.13148347935666e-4
2019-01-29,0.005479608035496852
2019-01-30,0.0013894411540533724
2019-01-31,0.0036099726819287525
2019-02-01,-0.0022095487336546427
2019-02-04,0.006171946403801698
2019-02-05,0.006414357761642009
2019-02-06,6.111481568549237e-4
2019-02-07,-5.665583924745476e-4
2019-02-08,-0.004474032200834088
2019-02-11,-0.00412788233543715
2019-02-12,0.004690612473792655
2019-02-13,-9.849700278667939e-4
2019-02-14,0.004424900620193739
2019-02-15,0.009018853074270083
2019-02-19,0.006243817001834628
2019-02-20,0.005868262741957508
2019-02-21,-0.001891840570571901
2019-02-22,7.558972698404887e-4
2019-02-25,0.002743999227208249
2019-02-26,6.786256711031058e-4
2019-02-27,3.9819390758388806e-4
2019-02-28,-0.004695490859658591
2019-03-01,0.004322154530759903
2019-03-04,-0.001881257616581422
2019-03-05,0.0030132937273137372
2019-03-06,3.4803313379150325e-4
2019-03-07,-0.002214692046216271
2019-03-08,-0.003762545773522419
2019-03-11,0.006853096913197021
2019-03-12,0.0018918899185695892
2019-03-13,8.238565947777943e-4
2019-03-14,-0.0038712850406472654
2019-03-15,0.003276705255840895
2019-03-18,0.006853613063402264
2019-03-19,-0.003902702667732072
2019-03-20,-0.0012671648728392881
2019-03-21,0.004751306403861122
2019-03-22,-0.009606079174703908
2019-03-25,-0.0014554049143384873
2019-03-26,0.005542953636171077
2019-03-27,-0.0014061205298219193
2019-03-28,0.0014246781398838948
2019-03-29,-0.003310874959849386
2019-04-01,0.0077946094352299156
2019-04-02,0.0022036683329957896
2019-04-03,9.832902675803723e-4
2019-04-04,0.0019452451556851713
2019-04-05,0.005173065817171363
2019-04-08,6.768523434299567e-4
2019-04-09,-0.004324537158270303
2019-04-10,0.0036538790665758825
2019-04-11,1.9509929222216726e-4
2019-04-12,0.0049270172663966605
2019-04-15,0.002121470064665232
2019-04-16,-8.056758819776633e-4
2019-04-17,0.002541881996217299
2019-04-18,0.004137989588228308
2019-04-22,-0.0021391928235541258
2019-04-23,0.005540389976674831
2019-04-24,-0.004985615266344112
2019-04-25,-6.272361689667605e-4
2019-04-26,0.002253742551642901
2019-04-29,-7.888028747089493e-4
2019-04-30,-0.0011874937492759585
2019-05-01,-0.004709210419729715
2019-05-02,-0.005584338811967626
2019-05-03,0.005075181034451148
2019-05-06,-5.458914417566518e-5
2019-05-07,-0.008261528033621346
2019-05-08,0.00241797363444185
2019-05-09,-0.004621183893608105
2019-05-10,-0.0014837918654055926
2019-05-13,-0.006414057799426942
2019-05-14,0.005609959215366445
2019-05-15,0.0020611620958401744
2019-05-16,0.007679714275036886
2019-05-17,-0.002563478989792145
2019-05-21,0.0015047518648678704
2019-05-22,-0.0060511823377105145
2019-05-23,-0.010021060177352936
2019-05-24,0.004037739639775495
2019-05-27,0.007164672531111194
2019-05-28,-0.0030143322410527418
2019-05-29,-0.010237839582817543
2019-05-30,-0.002625630649372823
2019-05-31,-0.00321852164261216
2019-06-03,-0.001347726754801215
2019-06-04,0.00934065177389698
2019-06-05,0.0028722428128755695
2019-06-06,9.309110812356636e-4
2019-06-07,1.9718506797161695e-4
2019-06-10,-9.060967419003418e-4
2019-06-11,0.0020021506939862377
2019-06-12,-0.0013301892203383403
2019-06-13,7.453596744451119e-4
2019-06-14,0.003847471069594377
2019-06-17,0.0031602523136982086
2019-06-18,0.009124502241970589
2019-06-19,5.088801829522538e-4
2019-06-20,0.0038081926315829406
2019-06-21,-0.002984901937409745
2019-06-24,-1.1500477199710701e-4
2019-06-25,-0.00925382019834764
2019-06-26,-0.00361648377856838
2019-06-27,-2.759051974194904e-4
2019-06-28,0.004557990577492177
2019-07-02,0.005424128433347164
2019-07-03,0.006348364614499502
2019-07-04,7.659360379168589e-4
2019-07-05,-0.002831219278723651
2019-07-08,-0.004787162603829387
2019-07-09,0.004980543659677039
2019-07-10,0.0010934693087047975
2019-07-11,-0.0021395659798280064
2019-07-12,-0.002411000759019899
2019-07-15,0.0013758746617273943
2019-07-16,-5.089110118436935e-4
2019-07-17,-0.0011035495587723432
2019-07-18,6.064576074216177e-4
2019-07-19,-5.032627795831246e-4
2019-07-22,0.001999709752258383
2019-07-23,0.0032515125384282584
2019-07-24,0.0023566171312712214
2019-07-25,-0.0074684070701440675
2019-07-26,0.0025924799046919134
2019-07-29,-0.0023499115787100067
2019-07-30,-0.0015837962369840142
2019-07-31,-0.003620029166517824
2019-08-01,-0.001805757620932269
2019-08-02,-0.006450496906451164
2019-08-06,-0.007538325124198053
2019-08-07,0.007138778762470821
2019-08-08,0.00852781923638446
2019-08-09,-0.0038600537573110216
2019-08-12,-0.0063537881302657695
2019-08-13,0.0069349683163597575
2019-08-14,-0.01882342429121131
2019-08-15,-0.002083722350654682
2019-08-16,0.008537986374399509
2019-08-19,0.00950893236978878
2019-08-20,-0.005584704946842933
2019-08-21,0.0058974967225680075
2019-08-22,-0.003421107543571722
2019-08-23,-0.01337232924788978
2019-08-26,0.0038087819676970724
2019-08-27,0.005253636735252698
2019-08-28,0.005429054907024167
2019-08-29,0.006908351408291935
2019-08-30,0.0035093289694252405
2019-09-03,-0.002612589425975642
2019-09-04,0.003020068205099591
2019-09-05,0.007630943050804362
2019-09-06,-0.0023859799200280918
2019-09-09,-0.002434193424839748
2019-09-10,0.0025551394591971643
2019-09-11,0.004452640198820745
2019-09-12,0.0019366568972127851
2019-09-13,0.0023465149083570225
2019-09-16,0.004121618950248873
2019-09-17,0.0049723050995424956
2019-09-18,-0.0020514290426572046
2019-09-19,0.0034522821770277545
2019-09-20,0.002446751991739049
2019-09-23,-0.0019249627025015315
2019-09-24,-0.004093124040441154
2019-09-25,-8.337651140557512e-4
2019-09-26,3.63345568491269e-4
2019-09-27,-0.005739927182219162
2019-09-30,-0.002140814447439965
2019-10-01,-0.01274097383761763
2019-10-02,-0.00834587547586807
2019-10-03,0.0035495753303234068
2019-10-04,0.004899723966898861
2019-10-07,-0.0016792581272824236
2019-10-08,-0.007812826113383409
2019-10-09,0.005258055359558256
2019-10-10,0.0026094793047377607
2019-10-11,-4.567892884299596e-4
2019-10-15,1.949936603491409e-4
2019-10-16,5.35769079579751e-4
2019-10-17,-5.469356386633706e-5
2019-10-18,-0.002999762718751242
2019-10-21,0.0025247541200617007
2019-10-22,-0.0016458400545431573
2019-10-23,-0.003397743921073726
2019-10-24,0.0020424535226108986
2019-10-25,0.00214807004725337
2019-10-28,-0.0010368383461187847
2019-10-29,0.0018655119012365162
2019-10-30,0.0050608884731335735
2019-10-31,-0.0011036164718039032
2019-11-01,0.006705553966115829
2019-11-04,0.004551558997938798
2019-11-05,7.255767760376841e-4
2019-11-06,0.00381119113625239
2019-11-07,0.0035885975416896088
2019-11-08,0.004251360602632204
2019-11-11,3.199264508868538e-4
2019-11-12,0.0015743049547722876
2019-11-13,0.002869995463102626
2019-11-14,8.369664726899373e-4
2019-11-15,0.0033117455817635033
2019-11-18,-1.9970814688008431e-4
2019-11-19,-8.049722791554359e-4
2019-11-20,-3.292222306754411e-4
2019-11-21,-3.882701122144283e-4
2019-11-22,-0.0026152125113192426
2019-11-25,0.00459576518236382
2019-11-26,1.7611421235663727e-4
2019-11-27,0.003790622718845782
2019-11-28,8.125296461773956e-4
2019-11-29,-0.004350844841740198
2019-12-02,-0.0034506963698870408
2019-12-03,-0.005272585527464457
2019-12-04,3.0196141042360125e-4
2019-12-05,-0.0025124532004987543
2019-12-06,0.0083954190086164
2019-12-09,-0.0027159050887366476
2019-12-10,-1.1867987193880936e-5
2019-12-11,-6.550316849178728e-4
2019-12-12,4.3089616000280273e-4
2019-12-13,0.0033107081049958964
2019-12-16,0.003129865368631357
2019-12-17,0.0011015498975162075
2019-12-18,-0.002533145074334442
2019-12-19,0.0018770535778713793
2019-12-20,0.0031829500521691756
2019-12-23,6.014423733944341e-4
2019-12-24,0.003002138863413606
2019-12-27,-6.987225625696425e-4
2019-12-30,-0.00406222392895117
2019-12-31,-0.002060724267101577
2020-01-02,0.0021426218092113203
2020-01-03,-0.0019844466964418217
2020-01-06,0.002306032409112646
2020-01-07,0.0036529386874448733
2020-01-08,-1.7406162156063942e-5
2020-01-09,0.003941407833218946
2020-01-10,-6.380076575673854e-5
2020-01-13,0.0034117595968776726
2020-01-14,0.0034347134991641326
2020-01-15,0.0035836813342733365
2020-01-16,0.003988633511482931
2020-01-17,0.004234662221358931
2020-01-20,0.0021845470793184774
2020-01-21,-0.0014273430140132604
2020-01-22,0.0015693993620118363
2020-01-23,0.001243573860358893
2020-01-24,-0.0032114067967370374
2020-01-27,-0.007015652636878755
2020-01-28,0.003342573667520554
2020-01-29,6.226535292803703e-4
2020-01-30,-0.0012114126020588145
2020-01-31,-0.009888277122975353
2020-02-03,0.00353336293976092
2020-02-04,0.0076176301586379225
2020-02-05,0.007900121297632623
2020-02-06,0.005981553190775202
2020-02-07,-0.005760612321429548
2020-02-10,0.004808426593863047
2020-02-11,0.0020553140350756394
2020-02-12,0.0031339975806048415
2020-02-13,-6.563717734167085e-4
2020-02-14,0.0015251742349633446
2020-02-18,5.54539655235331e-4
2020-02-19,0.0037502933359157
2020-02-20,0.001042625096191685
2020-02-21,-0.005622052076576622
2020-02-24,-0.01586200580425512
2020-02-25,-0.022182701368127056
2020-02-26,-0.007919548623762651
2020-02-27,-0.019224923915276193
2020-02-28,-0.027551402703513972
2020-03-02,0.017686811077476605
2020-03-03,-0.00786622388013214
2020-03-04,0.021438602184614908
2020-03-05,-0.013530138754074272
2020-03-06,-0.023160924076240264
2020-03-09,-0.1083393463704958
2020-03-10,0.030125439001793097
2020-03-11,-0.047086521219259936
2020-03-12,-0.13175799858598936
2020-03-13,0.09217647917498972
2020-03-16,-0.10408704681962178
2020-03-17,0.02593812940897955
2020-03-18,-0.07901971071183311
2020-03-19,0.037598726524306514
2020-03-20,-0.026535252489525263
2020-03-23,-0.0540245492638487
2020-03-24,0.11294530860798169
2020-03-25,0.044199645622851946
2020-03-26,0.017503011604695473
2020-03-27,-0.052470119253580805
2020-03-30,0.02727348358871673
2020-03-31,0.025764830773608693
2020-04-01,-0.03827514114188091
2020-04-02,0.01704805342177984
2020-04-03,-0.012252372493687602
2020-04-06,0.04934100852836032
2020-04-07,0.0015730933905544475
2020-04-08,0.022630076189177117
2020-04-09,0.017150985920141082
2020-04-13,-0.006422910900731438
2020-04-14,0.012882091229190706
2020-04-15,-0.02125045633593281
2020-04-16,-0.004257312683346726
2020-04-17,0.03260116190566009
2020-04-20,0.0019757357405136844
2020-04-21,-0.031645811864413176
2020-04-22,0.024664484579913548
2020-04-23,-0.002599966158305378
2020-04-24,0.011809828503752229
2020-04-27,0.015257016379520039
2020-04-28,0.010611381918426588
2020-04-29,0.02863008358821162
2020-04-30,-0.029820090786015996
2020-05-01,-0.010911328323668812
2020-05-04,0.00849308167928875
2020-05-05,0.00450658891559641
2020-05-06,0.0012887386408575452
2020-05-07,2.0226264281220097e-4
2020-05-08,0.008919393160905287
2020-05-11,0.00908562920314715
2020-05-12,-0.014807970391187197
2020-05-13,-0.0257293562391947
2020-05-14,4.4807654672496255e-4
2020-05-15,0.008864991035386183
2020-05-19,0.01670518898457729
2020-05-20,0.007502577488144979
2020-05-21,-0.007542859739455565
2020-05-22,0.0019262196166653922
2020-05-25,0.010790780037110537
2020-05-26,0.004810783592921197
2020-05-27,0.00814600066119553
2020-05-28,-6.091302626565209e-4
2020-05-29,-0.004590337598488148
2020-06-01,0.0028525695918126814
2020-06-02,0.010329644144583483
2020-06-03,0.011669627819857809
2020-06-04,-0.0030350290956455694
2020-06-05,0.02078968628987532
2020-06-08,0.007590647602734535
2020-06-09,-0.008878172581196608
2020-06-10,-0.008397093299489455
2020-06-11,-0.04230568300988935
2020-06-12,0.013574354684816825
2020-06-15,0.006735038284933381
2020-06-16,0.010111637991892408
2020-06-17,-0.005629422960032215
2020-06-18,0.003306511537672918
2020-06-19,-3.6180199238167177e-4
2020-06-22,0.0027556441382063923
2020-06-23,0.0030821642111469316
2020-06-24,-0.01752516805344584
2020-06-25,0.009869745136874997
2020-06-26,-0.016785037348746812
2020-06-29,0.013126985518640666
2020-06-30,0.008121733982083157
2020-07-02,0.006885605624002977
2020-07-03,-0.001640054294515636
2020-07-06,0.004663171300117952
2020-07-07,-0.0047465126822139325
2020-07-08,0.0021585608948608836
2020-07-09,-0.003884931792351054
2020-07-10,0.00928325453262957
2020-07-13,-0.004745898552231509
2020-07-14,0.017060161391281525
2020-07-15,0.009683597125544452
2020-07-16,-0.002418353631817638
2020-07-17,0.006159034027175991
2020-07-20,0.0037267398365194992
2020-07-21,-0.0012798955079382779
2020-07-22,5.009949027350302e-4
2020-07-23,-0.009468872354430502
2020-07-24,-0.0013493705824494384
2020-07-27,0.010212051923211618
2020-07-28,-0.002478116443795031
2020-07-29,0.010698546677978982
2020-07-30,2.8223657148807035e-4
2020-07-31,-0.008013940013185561
2020-08-04,0.012219999100047119
2020-08-05,0.008129113021029255
2020-08-06,0.004685520174428248
2020-08-07,-0.002089122098261953
2020-08-10,0.003680245481127997
2020-08-11,-0.006555419593807343
2020-08-12,0.004735136395238371
2020-08-13,-0.002730744798750351
2020-08-14,-9.381232998464384e-4
2020-08-17,0.008531677754250566
2020-08-18,-0.0018027659727497536
2020-08-19,-0.002933380738189939
2020-08-20,0.0017719515479885928
2020-08-21,-0.0053676320646367515
2020-08-24,0.006559134001520306
2020-08-25,-5.474420850131168e-4
2020-08-26,0.010327114155849415
2020-08-27,-0.00349030081519075
2020-08-28,-0.0015371589936883367
2020-08-31,-0.01152326005272819
2020-09-01,0.00787711979914718
2020-09-02,0.0031790807448199843
2020-09-03,-0.015030322349401715
2020-09-04,-0.01413689290004072
2020-09-08,-0.007333520914814429
2020-09-09,0.017492595046578074
2020-09-10,-0.012177399833795732
2020-09-11,0.0022957566928525353
2020-09-14,0.008446252235483342
2020-09-15,0.004342680271326671
2020-09-16,-0.008286818705050436
2020-09-17,-0.0030114580635149935
2020-09-18,-0.0029403113134307546
2020-09-21,-0.013498949363301094
2020-09-22,0.010029786144004404
2020-09-23,-0.02038874014227332
2020-09-24,0.006000774218525962
2020-09-25,0.009575532625998306
2020-09-28,0.010981806219572121
2020-09-29,-0.0019288547021538704
2020-09-30,-0.005573260765563859
2020-10-01,0.0039063879262286605
2020-10-02,9.140252723351949e-4
2020-10-05,0.012935025739203354
2020-10-06,-0.010665911059433597
2020-10-07,0.011768370936311001
2020-10-08,0.006443602101889212
2020-10-09,0.0017101568695583325
2020-10-13,-0.003144504401754844
2020-10-14,-0.003361044998133167
2020-10-15,0.002767270571654379
2020-10-16,-0.0037765433427026096
2020-10-19,-0.010069578764442255
2020-10-20,-4.914707178116373e-5
2020-10-21,-0.0026519996083713693
2020-10-22,0.0030268125100541
2020-10-23,0.0015160571136174639
2020-10-26,-0.013865222440719194
2020-10-27,-0.0036572193066390923
2020-10-28,-0.02748259851463075
2020-10-29,0.0053811934752108215
2020-10-30,-0.005766213639004647
2020-11-02,0.0074367399729329264
2020-11-03,0.015318230636230723
2020-11-04,0.0037259849964215164
2020-11-05,0.01854720310392466
2020-11-06,-9.45360288017838e-4
2020-11-09,0.011789406867206864
2020-11-10,0.008431268827983729
2020-11-11,0.009506007206367073
2020-11-12,-0.011506223085532952
2020-11-13,0.005616765959626235
2020-11-16,0.012763385940695926
2020-11-17,0.0034457744207276875
2020-11-18,-0.0034457744207276875
2020-11-19,0.0011834460413542303
2020-11-20,0.006442838108558391
2020-11-23,0.004420554516292086
2020-11-24,0.010463118729497012
2020-11-25,0.0022435247495327104
2020-11-26,0.002204058740911563
2020-11-27,0.0026072858087715645
2020-11-30,-0.011929445677420603
2020-12-01,0.006182000582638736
2020-12-02,0.00353765493364655
2020-12-03,0.0022902848724690728
2020-12-04,0.007044904419601039
2020-12-07,0.003498262422391818
2020-12-08,0.0032139357019982384
2020-12-09,-0.004494443954119021
2020-12-10,0.001900276479092966
2020-12-11,-0.0025269000102401407
2020-12-14,-0.009245463703157597
2020-12-15,0.00682641209746393
2020-12-16,0.0034726934358371153
2020-12-17,0.0048551639854448325
2020-12-18,-0.006724048424908702
2020-12-21,-0.001923719035978877
2020-12-22,0.002944059410491917
2020-12-23,0.0023387874367912787
2020-12-24,0.0017207802215910561
2020-12-29,-0.0045781244970797275
2020-12-30,1.368164876129896e-4
2020-12-31,-0.006426720664245877
2021-01-04,0.005400307591257203
2021-01-05,0.0087872134428153
2021-01-06,0.008200392384074107
2021-01-07,0.011128052893994322
2021-01-08,8.039989850274765e-4
2021-01-11,-0.005981662045428493
2021-01-12,0.002856368962053324
2021-01-13,-0.002845260894165591
2021-01-14,0.0013039046663614329
2021-01-15,-0.0027378650953231443
2021-01-18,0.002002593984572698
2021-01-19,6.963342311259169e-4
2021-01-20,0.003196906938008226
2021-01-21,-0.0054939270552782915
2021-01-22,-0.003931476028570913
2021-01-25,0.0033620403575049806
2021-01-26,-0.007095346506734046
2021-01-27,-0.020168960518716972
2021-01-28,0.013272042777073167
2021-01-29,-0.018300641959836383
2021-02-01,0.020297874964052554
2021-02-02,0.010234295193072285
2021-02-03,0.0023134923688221676
2021-02-04,0.007013764704749903
2021-02-05,0.005191047599334198
2021-02-08,0.010662050116698296
2021-02-09,0.004262454555812312
2021-02-10,0.0026691621945467148
2021-02-11,-0.003516930252178696
2021-02-12,0.0036468634827642177
2021-02-16,0.0017482235484607145
2021-02-17,-0.006385041276493197
2021-02-18,-0.005495467762154149
2021-02-19,0.006012346565373861
2021-02-22,0.001760737255516176
2021-02-23,-0.004713323198602737
2021-02-24,0.008388047000625676
2021-02-25,-0.014220573083381538
2021-02-26,-0.008995767576351454
2021-03-01,0.013162977934477738
2021-03-02,0.006644687617649581
2021-03-03,-0.0054923424765647155
2021-03-04,-0.010700747897130825
2021-03-05,0.013986744828777375
2021-03-08,0.004169565289211974
2021-03-09,0.007631439336144297
2021-03-10,0.004870094430488692
2021-03-11,0.008237758508272464
2021-03-12,3.55538500269148e-4
2021-03-15,0.005475320347366974
2021-03-16,-0.004271925224239581
2021-03-17,0.005763775489128875
2021-03-18,-0.007752612145276672
2021-03-19,9.28616030964946e-4
2021-03-22,-0.0020653747956149715
2021-03-23,-0.007752431209226529
2021-03-24,-0.0022253152512998753
2021-03-25,0.0012231329221226162
2021-03-26,0.005427283999368981
2021-03-29,-0.0017826952809905094
2021-03-30,-7.267699706847708e-4
2021-03-31,-2.620088491269712e-4
2021-04-01,0.015367449088637741
2021-04-05,0.0019201890578113279
2021-04-06,0.004054398570216833
2021-04-07,0.0013077641460235157
2021-04-08,0.005203660589762293
2021-04-09,-4.682595924343502e-5
2021-04-12,-0.0013895242694026422
2021-04-13,1.2490235662632188e-4
2021-04-14,-0.0016677355138874361
2021-04-15,0.007803995245895479
2021-04-16,0.0015204532026338313
2021-04-19,-0.007620201267457105
2021-04-20,-0.008555353468549853
2021-04-21,0.005368739449410853
2021-04-22,-0.00585209074639792
2021-04-23,0.0037080525286139476
2021-04-26,0.0035690475468381777
2021-04-27,2.3470689607130168e-4
2021-04-28,0.009441569171299236
2021-04-29,-0.005236583596671451
2021-04-30,-0.007694691046625124
2021-05-03,0.00547466563160981
2021-05-04,-0.0013124185119046672
2021-05-05,0.00637422233405438
2021-05-06,-0.0010206400681198602
2021-05-07,0.009374778628050251
2021-05-10,-0.005706206830035754
2021-05-11,-0.004550200274669791
2021-05-12,-0.008660367889895326
2021-05-13,0.0014642974960032973
2021-05-14,0.011994088983604101
2021-05-17,0.00556109113863279
2021-05-18,0.0016623346823489982
2021-05-19,-0.004629510827474093
2021-05-20,0.0064681950356231255
2021-05-21,-8.03639556441027e-4
2021-05-25,0.0018827076352874172
2021-05-26,0.009229383157757454
2021-05-27,0.001462574322866672
2021-05-28,0.003926601265396457
2021-05-31,-0.006123789885482012
2021-06-01,0.012340549990147665
2021-06-02,-2.4035633871655193e-4
2021-06-03,-0.0014932043491739933
2021-06-04,0.004393177495101597
2021-06-07,3.0458698085134017e-4
2021-06-08,0.0015261196383029585
2021-06-09,-0.0031745704038321776
2021-06-10,0.002356909785763861
2021-06-11,0.0044242438530854855
2021-06-14,9.578509973717786e-4
2021-06-15,0.003644638093200925
2021-06-16,-1.4867234149562591e-5
2021-06-17,-0.004309604193286631
2021-06-18,-0.007194223479643824
2021-06-21,0.00780962138617447
2021-06-22,0.0021953433891628293
2021-06-23,-0.0017985258681836314
2021-06-24,0.0025111378492379544
2021-06-25,7.516885699718756e-4
2021-06-28,-0.00421046980276607
2021-06-29,0.001274879973252041
2021-06-30,-2.6776628221369947e-4
2021-07-02,0.002995667249171774
2021-07-05,0.002735310198630714
2021-07-06,9.117455629557014e-4
2021-07-07,-4.631806814145989e-4
2021-07-08,-0.011370143026663726
2021-07-09,0.009762214924942114
2021-07-12,-0.00122991936519945
2021-07-13,0.001856597221159717
2021-07-14,-0.006111172976883239
2021-07-15,0.0018100271196122009
2021-07-16,-0.009868298648898488
2021-07-19,-0.013044101146403975
2021-07-20,0.010900212943026233
2021-07-21,0.008359034587282821
2021-07-22,-6.26727778321623e-4
2021-07-23,0.004512772161472611
2021-07-26,-0.001159773056119917
2021-07-27,4.1649597728543597e-4
2021-07-28,0.002821518605301776
2021-07-29,0.004015593512626481
2021-07-30,-0.0011822777501215853
2021-08-03,0.0038421941029813667
2021-08-04,-0.0017791201884893582
2021-08-05,0.002250366118213165
2021-08-06,0.004890985942486381
2021-08-09,-0.001857609853232134
2021-08-10,0.002848495134779583
2021-08-11,0.0028404992757185
2021-08-12,-0.0016263285974531527
2021-08-13,-1.2183622047956533e-4
2021-08-16,-0.0016925832973910815
2021-08-17,-0.005865846929280494
2021-08-18,-0.0030246644256983757
2021-08-19,-0.004279600225801872
2021-08-20,0.006095515696580733
2021-08-23,0.006776768491329577
2021-08-24,0.0034369235766895656
2021-08-25,0.0019205015006811266
2021-08-26,-0.0040447136655075155
2021-08-27,0.0068240599710218675
2021-08-30,-0.0024054371895285698
2021-08-31,-5.876749231230605e-4
2021-09-01,0.005170486714270339
2021-09-02,0.0050862235679289824
2021-09-03,0.0012639594752794636
2021-09-07,-7.110974283488503e-4
2021-09-08,-0.0031191997792276993
2021-09-09,-0.0017612816365719652
2021-09-10,-0.0034931804139084477
2021-09-13,0.0016126485050396155
2021-09-14,-0.005487661966826707
2021-09-15,0.006812626249260489
2021-09-16,-0.004441182864860949
2021-09-17,-0.005436490544976635
2021-09-20,-0.016528914320581123
2021-09-21,0.00444572251743125
2021-09-22,0.007735116519953067
2021-09-23,0.002956211868573533
2021-09-24,-0.0028974326853870025
2021-09-27,0.0029707369725660016
2021-09-28,-0.014238359581687732
2021-09-29,-7.934107809273172e-4
2021-09-30,-0.004365024046602883
2021-10-01,0.004007822487320567
2021-10-04,-0.004905072441541591
2021-10-05,0.006516604383543623
2021-10-06,4.1108645289611445e-4
2021-10-07,0.011057074898925379
2021-10-08,4.974591318429589e-6
2021-10-12,0.0010182178091948657
2021-10-13,0.0088368735479456
2021-10-14,0.009720547828498738
2021-10-15,0.005183456022319177
2021-10-18,0.0027342415665003728
2021-10-19,0.004829760409640116
2021-10-20,0.004787649209180955
2021-10-21,0.0011415486915780093
2021-10-22,1.790692207688238e-4
2021-10-25,0.003228235668695234
2021-10-26,-0.005242839875785776
2021-10-27,-0.010373118399279235
2021-10-28,0.011505968818985579
2021-10-29,-0.007595723094317108
2021-11-01,0.009928181831798
2021-11-02,-0.003630623786728293
2021-11-03,0.004482127741363584
2021-11-04,0.0036144165887090907
2021-11-05,0.005313412029158471
2021-11-08,0.004682353694269281
2021-11-09,0.0017612574365877265
2021-11-10,-0.006159364339929141
2021-11-11,0.005580345644609963
2021-11-12,0.008604336772116028
2021-11-15,-0.003930833449448556
2021-11-16,0.001571400073851592
2021-11-17,-0.0029605243599082343
2021-11-18,-7.160924758249365e-4
2021-11-19,-0.0038201123032308715
2021-11-22,-0.006245359132721617
2021-11-23,0.001539373209963557
2021-11-24,0.004399763705171367
2021-11-25,0.0030026170204724423
2021-11-26,-0.022804408625619388
2021-11-29,0.0010928286742490911
2021-11-30,-0.02339315935912012
2021-12-01,-0.009502918591582699
2021-12-02,0.014427847671143468
2021-12-03,-0.00621807939525354
2021-12-06,0.010979848583870577
2021-12-07,0.014353999217824764
2021-12-08,-0.0040387662368548405
2021-12-09,-0.007232883987974503
2021-12-10,-0.0016692326187630613
2021-12-13,-0.0068253234268098595
2021-12-14,-0.0048264533262631915
2021-12-15,0.005823580857631683
2021-12-16,-0.0014164852160014618
2021-12-17,-2.9005641410506655e-5
2021-12-20,-0.009739062844687396
2021-12-21,0.018653327323187696
2021-12-22,0.006915099290461413
2021-12-23,0.007037357012707801
2021-12-24,5.087955059686067e-4
2021-12-29,0.005402320827101903
2021-12-30,-0.002349927592936396
2021-12-31,-0.0033773888203256774
2022-01-04,6.452870854349868e-4
2022-01-05,-0.00931030728742499
2022-01-06,0.0015435070684652885
2022-01-07,5.835742279174383e-4
2022-01-10,-5.787545005517813e-4
2022-01-11,0.009563891555677273
2022-01-12,0.005633939436734181
2022-01-13,-0.004778869664518126
2022-01-14,0.003029249734620265
2022-01-17,0.008387971915166048
2022-01-18,-0.01228174734256271
2022-01-19,-0.0032674567339920912
2022-01-20,-0.006956401909473442
2022-01-21,-0.020960605393950615
2022-01-24,-0.0024324519952454438
2022-01-25,9.5714864718488e-4
2022-01-26,2.3795870054144075e-4
2022-01-27,-0.0025182697435752743
2022-01-28,0.00957724943184779
2022-01-31,0.01704148003003425
2022-02-01,0.010448421632350602
2022-02-02,0.001991458439119853
2022-02-03,-0.012643745761904412
2022-02-04,0.008398331423254746
2022-02-07,-0.0017126617571534553
2022-02-08,0.0066505874366527
2022-02-09,0.010562807113565498
2022-02-10,-0.003361472504060714
2022-02-11,7.939352327994698e-4
2022-02-14,-0.009151337961316841
2022-02-15,0.00700501105013096
2022-02-16,-0.005549585068393981
2022-02-17,-0.009741586121306156
2022-02-18,-0.007969868188544282
2022-02-22,-0.004790468055162478
2022-02-23,-0.007855680584057723
2022-02-24,8.529432114663393e-4
2022-02-25,0.016437765166601892
2022-02-28,9.661014776813914e-4
2022-03-01,-0.005786761244776173
2022-03-02,0.011883671205099589
2022-03-03,-2.4463458222001577e-4
2022-03-04,0.007127346419000702
2022-03-07,-0.00458944103615444
2022-03-08,-0.003404164897677475
2022-03-09,0.012227092098516579
2022-03-10,0.00410912748429304
2022-03-11,-0.00557105010527259
2022-03-14,-0.013179499240102643
2022-03-15,3.3043337781002435e-4
2022-03-16,0.01317517357135145
2022-03-17,0.013987204793444619
2022-03-18,0.002170274200725686
2022-03-21,0.008697752679054815
2022-03-22,0.0029625972988522875
2022-03-23,-0.006462742774058228
2022-03-24,2.599115095627269e-4
2022-03-25,0.003094864489073146
2022-03-28,-0.001277728451643867
2022-03-29,0.004965331317993815
2022-03-30,-5.071742621982622e-4
2022-03-31,-0.008452033181658436
2022-04-01,0.0028647920461892795
2022-04-04,0.006021990311726455
2022-04-05,-0.0070337176575066
2022-04-06,-0.006505197787333827
2022-04-07,0.002122745705234408
2022-04-08,0.001807396139804851
2022-04-11,-0.003842926154799642
2022-04-12,-0.0034523907466983417
2022-04-13,0.0056298673396604215
2022-04-14,8.101497485704101e-4
2022-04-18,0.0010381452512611133
2022-04-19,0.006396802786108324
2022-04-20,-9.269281800090567e-4
2022-04-21,-0.0159457931270115
2022-04-22,-0.021664463244473353
2022-04-25,-0.008270522340501074
2022-04-26,-0.015399767695319255
2022-04-27,0.0025774570803314134
2022-04-28,0.018005870449734118
2022-04-29,-0.017148129549511282
2022-05-02,-0.0033676128610338196
2022-05-03,0.010245972800264624
2022-05-04,0.013290631368237271
2022-05-05,-0.0233433132868317
2022-05-06,-0.003043757415889914
2022-05-09,-0.031189078997396535
2022-05-10,-0.005495133512242845
2022-05-11,-0.00265805759714155
2022-05-12,-0.006991113677454308
2022-05-13,0.02013697404374959
2022-05-16,0.005289501606199565
2022-05-17,0.013986360113181107
2022-05-18,-0.01919628154121611
2022-05-19,0.00399669866147967
2022-05-20,7.775836521517476e-4
2022-05-24,0.004377047282760671
2022-05-25,0.004799692641796582
2022-05-26,0.007253841441222875
2022-05-27,0.010484408201532958
2022-05-30,0.008198221075522483
2022-05-31,-0.009128780690927485
2022-06-01,-7.529166921802499e-4
2022-06-02,0.015240335822525708
2022-06-03,-0.011529881449492407
2022-06-06,0.0013650820640833672
2022-06-07,0.005226678650078753
2022-06-08,-0.006509940364457734
2022-06-09,-0.01105042379962029
2022-06-10,-0.014158356189058807
2022-06-13,-0.02660005631538276
2022-06-14,-0.009880160660467041
2022-06-15,0.0032226508417689814
2022-06-16,-0.031466483180667026
2022-06-17,-0.003880346832838555
2022-06-20,0.013281349023099409
2022-06-21,0.0038345231996075313
2022-06-22,-0.013240766871343013
2022-06-23,-0.015211959675591302
2022-06-24,0.018306534596325363
2022-06-27,0.010198118959907632
2022-06-28,-0.0018503455033744842
2022-06-29,-0.0075245641104633165
2022-06-30,-0.01144974125378262
2022-07-04,0.008841370359455425
2022-07-05,-0.010284572052924545
2022-07-06,-0.005563867113222543
2022-07-07,0.017649276491788157
2022-07-08,-0.0021161969105509826
2022-07-11,-0.010893407774295483
2022-07-12,-0.007371666725655146
2022-07-13,-0.0034000532900826386
2022-07-14,-0.015488469824104456
2022-07-15,0.0035617673899501767
2022-07-18,0.010873265700476864
2022-07-19,0.018229630427704535
2022-07-20,0.004373215714988277
2022-07-21,0.0022162395141851476
2022-07-22,-0.004205463744401783
2022-07-25,0.006385314896004246
2022-07-26,-0.0069228467608990485
2022-07-27,0.01474891030264125
2022-07-28,0.010441470662945207
2022-07-29,0.012066740924819186
2022-08-02,-0.009571920961340297
2022-08-03,0.0020793021870950668
2022-08-04,0.0015898420421329718
2022-08-05,0.0021991232603522093
2022-08-08,0.0024993897269602883
2022-08-09,-0.004632070833912039
2022-08-10,0.01558910757736598
2022-08-11,0.005316253533331761
2022-08-12,0.00935493172952917
2022-08-15,3.95847472951516e-5
2022-08-16,0.004420232928580958
2022-08-17,-0.004380552969703189
2022-08-18,0.0041536101320645
2022-08-19,-0.007628179735887031
2022-08-22,-0.006810332952605691
2022-08-23,5.255215819879311e-4
2022-08-24,0.0017996945026190758
2022-08-25,0.0075086939102959604
2022-08-26,-0.014933253330234209
2022-08-29,-0.0018736713419169604
2022-08-30,-0.01642768493059421
2022-08-31,-0.009376086105374881
2022-09-01,-0.009778318129782804
2022-09-02,0.006674805233432224
2022-09-06,-0.009525904168876664
2022-09-07,0.007993925805021007
2022-09-08,0.00887871677888441
2022-09-09,0.01838963759522727
2022-09-12,0.010759447240586084
2022-09-13,-0.01724879547701086
2022-09-14,0.004099378065951953
2022-09-15,-0.008445762605520102
2022-09-16,-0.00895083171711164
2022-09-19,0.009063358589012083
2022-09-20,-0.009951055697376532
2022-09-21,-0.009555659405327432
2022-09-22,-0.009521628110647384
2022-09-23,-0.02783785591740262
2022-09-26,-0.00836779496787976
2022-09-27,-0.0010427003159172443
2022-09-28,0.01845450204357313
2022-09-29,-0.011167314453008004
2022-09-30,1.3004595257726237e-4
2022-10-03,0.023416761079477766
2022-10-04,0.025610425669997383
2022-10-05,-0.0070403875733706656
2022-10-06,-0.01340360998428558
2022-10-07,-0.021080560235747114
2022-10-11,-0.019913831626579892
2022-10-12,-5.709819500037128e-4
2022-10-13,0.02212474440249501
2022-10-14,-0.01554981081266682
2022-10-17,0.01594731156734497
2022-10-18,0.00947110291178177
2022-10-19,-0.006607456105040654
2022-10-20,-0.005105523100175091
2022-10-21,0.01504819826284276
2022-10-24,0.0030387160304350402
2022-10-25,0.009396240553806834
2022-10-26,0.009526701553021155
2022-10-27,0.0037429643274844437
2022-10-28,0.006135490109683062
2022-10-31,-0.002318908044690815
2022-11-01,0.0047042035473001675
2022-11-02,-0.012409030730619719
2022-11-03,-0.0018589026634341366
2022-11-04,0.010783054650724821
2022-11-07,0.0049287383495268955
2022-11-08,0.005835847997733623
2022-11-09,-0.016203570926391464
2022-11-10,0.03285433503412882
2022-11-11,0.00603961290148014
2022-11-14,-0.00947714202350447
2022-11-15,0.0036576300850708066
2022-11-16,-0.001842213358669298
2022-11-17,-0.0036845223144634787
2022-11-18,0.004831293653218438
2022-11-21,-1.9023881382729257e-4
2022-11-22,0.012085615605277766
2022-11-23,0.0030764094475799197
2022-11-24,0.003042301321121599
2022-11-25,0.0019495816906403007
2022-11-28,-0.0080435647729864
2022-11-29,0.0028100433611726316
2022-11-30,0.008637292220273096
2022-12-01,0.0035237387175843793
2022-12-02,-0.0019409719541769732
2022-12-05,-0.011952530701833552
2022-12-06,-0.012532398538590783
2022-12-07,-8.507785468747642e-4
2022-12-08,-2.0028842382302514e-4
2022-12-09,-0.0011072976343928786
2022-12-12,0.0036329999577322525
2022-12-13,1.8983404600803055e-4
2022-12-14,-0.00660406375794409
2022-12-15,-0.014742361940228932
2022-12-16,-0.008057580190362401
2022-12-19,-0.01255059237244538
2022-12-20,0.005510579683305039
2022-12-21,0.013591403147357184
2022-12-22,-0.011377093247109116
2022-12-23,0.00808108114517836
2022-12-28,-0.01147705432977375
2022-12-29,0.010410245227228998
2022-12-30,-0.005196714514189793
2023-01-03,0.003033860728042015
2023-01-04,0.007429720859178701
2023-01-05,-0.004194851439415004
2023-01-06,0.015650830134415372
2023-01-09,0.002147613212866162
2023-01-10,0.0021028673233605133
2023-01-11,0.006321993741764231
2023-01-12,0.009250400351778154
2023-01-13,0.007340216531039445
2023-01-16,0.00148225181176187
2023-01-17,0.0032902275318331675
2023-01-18,-0.003982048662537707
2023-01-19,-0.0017092774098319552
2023-01-20,0.007922696072542479
2023-01-23,0.006242928678755533
2023-01-24,-9.694337728483049e-5
2023-01-25,-0.0014552795525055728
2023-01-26,0.004886215400439653
2023-01-27,6.760835703616408e-4
2023-01-30,-0.006898168250495829
2023-01-31,0.009448698424098012
2023-02-01,-7.85229817434896e-4
2023-02-02,-5.157306430056963e-4
2023-02-03,8.626964810805049e-4
2023-02-06,-0.006253180143366066
2023-02-07,0.004647676831142533
2023-02-08,-0.002197829623131753
2023-02-09,-0.003958559493499436
2023-02-10,6.939511410255506e-4
2023-02-13,0.0043616740339320614
2023-02-14,1.2565810145304113e-4
2023-02-15,7.531458953042858e-4
2023-02-16,-0.00551701496368473
2023-02-17,-0.004435689383477381
2023-02-21,-0.012882875644590897
2023-02-22,-0.0029322561763009958
2023-02-23,-2.5266830242287597e-4
2023-02-24,0.001534372777296511
2023-02-27,0.002020805978743212
2023-02-28,-0.0019218949848411881
2023-03-01,0.0019071452879213524
2023-03-02,0.0038130172808461538
2023-03-03,0.01194577084249282
2023-03-06,-0.003250838823706914
2023-03-07,-0.011733354354861447
2023-03-08,0.0034956463147519656
2023-03-09,-0.012851041310229405
2023-03-10,-0.01564438910988386
2023-03-13,-0.00945037728093645
2023-03-14,0.005361037258719392
2023-03-15,-0.01614441112671905
2023-03-16,0.008232742876815635
2023-03-17,-0.007773664153884141
2023-03-20,0.0067700587412673485
2023-03-21,0.00691782815137465
2023-03-22,-0.00623154718647001
2023-03-23,-0.0037391857128223904
2023-03-24,0.0021354276163574326
2023-03-27,0.006297551429703674
2023-03-28,0.001670007765634196
2023-03-29,0.0091251834516477
2023-03-30,0.005193785392371808
2023-03-31,0.007936945634897441
2023-04-03,0.008836527943323347
2023-04-04,-1.2329209164185784e-4
2023-04-05,-0.00574751285427233
2023-04-06,0.0018386036828683672
2023-04-10,0.0039089091714039625
2023-04-11,0.007179778354924338
2023-04-12,0.0015852939598932636
2023-04-13,0.005373120704451395
2023-04-14,7.486020551024097e-4
2023-04-17,0.0030129448552376203
2023-04-18,0.0020664236317617934
2023-04-19,-1.884873873905235e-4
2023-04-20,-0.0024255515807229955
2023-04-21,0.00302488632578779
2023-04-24,-7.976814784722563e-4
2023-04-25,-0.011518532588169705
2023-04-26,-0.0035877162564101894
2023-04-27,0.007625523085087238
2023-04-28,0.005534653695502101
2023-05-01,-0.0010375545553369392
2023-05-02,-0.01011643668590878
2023-05-03,-0.00259555627845387
2023-05-04,-0.005739936015572766
2023-05-05,0.014899701688170452
2023-05-08,0.002100762291517455
2023-05-09,2.428900116235866e-5
2023-05-10,-0.004205844705337469
2023-05-11,-0.003993522465160382
2023-05-12,9.794991036926604e-5
2023-05-15,0.005878999724247436
2023-05-16,-0.01460962982026004
2023-05-17,0.0026789749855566924
2023-05-18,3.444978876210314e-5
2023-05-19,0.002656945833024338
2023-05-23,-0.010129187767006442
2023-05-24,-0.010895073073251993
2023-05-25,-0.007737703593711842
2023-05-26,0.007366370649272369
2023-05-29,0.002391640684219709
2023-05-30,-0.011499195443157362
2023-05-31,-0.008521644605757217
2023-06-01,0.005101442474375162
2023-06-02,0.017749903603974104
2023-06-05,-0.004655105828927475
2023-06-06,0.006202004636115532
2023-06-07,-0.0035914948570692218
2023-06-08,-0.002053779755552654
2023-06-09,-0.002540474061763831
2023-06-12,0.0014669019387838489
2023-06-13,0.00346262756970539
2023-06-14,0.0012347913106083297
2023-06-15,6.143862964052005e-4
2023-06-16,-0.002599819426324146
2023-06-19,-0.0020647256256793867
2023-06-20,-0.009075765448136153
2023-06-21,-0.002437887064333566
2023-06-22,-0.006368536634317579
2023-06-23,-0.008343890882022365
2023-06-26,0.008670706538113748
2023-06-27,0.00741597211013989
2023-06-28,0.0043386385437536035
2023-06-29,0.0047467416074304936
2023-06-30,0.012084530680498418
2023-07-04,0.0024578487175084263
2023-07-05,-0.0050113230566601885
2023-07-06,-0.014691689185273304
2023-07-07,0.0010242135642375416
2023-07-10,-4.287137392751106e-4
2023-07-11,0.002826100398488407
2023-07-12,0.009622304863929898
2023-07-13,0.010250747833904228
2023-07-14,-7.646825730827089e-4
2023-07-17,-0.0017436303148521404
2023-07-18,0.007378668108078301
2023-07-19,0.005608323082663347
2023-07-20,-0.0026533780214776925
2023-07-21,0.005397169498449372
2023-07-24,0.0016824679970319778
2023-07-25,-0.0014878160584146372
2023-07-26,4.913085938120787e-4
2023-07-27,-0.008601375763435115
2023-07-28,0.006546935336347204
2023-07-31,0.00521068688569315
2023-08-01,-0.004552989254635875
2023-08-02,-0.015445346559616269
2023-08-03,-0.004834053166652197
2023-08-04,0.005714099379041215
2023-08-08,-0.0014836064241485758
2023-08-09,0.0034238449660453085
2023-08-10,0.00332854089236001
2023-08-11,0.0031753854855232078
2023-08-14,-0.005754565134248324
2023-08-15,-0.01944307552734692
2023-08-16,-3.523574109820515e-5
2023-08-17,-0.004376614812528601
2023-08-18,3.129486804009929e-4
2023-08-21,-0.001691778580532599
2023-08-22,-0.0047472444732648
2023-08-23,0.00953238435348247
2023-08-24,-0.005245172653447483
2023-08-25,0.0030294178230683144
2023-08-28,0.009498041909033361
2023-08-29,0.013161419847028455
2023-08-30,0.001964535436687953
2023-08-31,-0.0018561541562434059
2023-09-01,0.01238082229544446
2023-09-05,-0.006425909609914626
2023-09-06,-0.00919283543503191
2023-09-07,-0.004702808855903129
2023-09-08,-0.0028552598711861776
2023-09-11,0.005370518404083313
2023-09-12,0.0019947008282077405
2023-09-13,0.0027554598072150327
2023-09-14,0.014145828174203956
2023-09-15,0.0026462683866590453
2023-09-18,-0.0062994093809436436
2023-09-19,-0.013455813213585799
2023-09-20,-2.0780597971459258e-4
2023-09-21,-0.02115243834693281
2023-09-22,-5.862593284948758e-4
2023-09-25,0.001040894349159771
2023-09-26,-0.012419888788297584
2023-09-27,-0.0061653152117724375
2023-09-28,0.007927907412375035
2023-09-29,-0.00252470938053051
2023-10-02,-0.018808181917057354
2023-10-03,-0.008183637512082953
2023-10-04,7.305287152856721e-4
2023-10-05,0.005396553850378183
2023-10-06,0.005642944797225269
2023-10-10,0.013167539566937947
2023-10-11,0.008303459555508041
2023-10-12,-0.00835473976802703
2023-10-13,-0.0019145725002616132
2023-10-16,0.008080158479655708
2023-10-17,0.003662858534326574
2023-10-18,-0.012370107408974818
2023-10-19,-0.005252576542360998
2023-10-20,-0.012125707243633599
2023-10-23,-0.0036109179795342783
2023-10-24,-0.003165616895691059
2023-10-25,-0.0020350722457322945
2023-10-26,-0.0038388976228773686
2023-10-27,-0.0073326830680287
2023-10-30,0.006352085607705504
2023-10-31,8.851888002272545e-4
2023-11-01,0.010829431966683956
2023-11-02,0.028282289573887454
2023-11-03,0.010068199756693375
2023-11-06,-0.004094140410833447
2023-11-07,-0.008560729871488704
2023-11-08,-0.0023219273040293587
2023-11-09,0.0029245768256256355
2023-11-10,0.0034197974155851796
2023-11-13,0.0027791724376893256
2023-11-14,0.015831040811098873
2023-11-15,0.0017065776071287786
2023-11-16,-2.3937479858027189e-4
2023-11-17,0.006100169339969597
2023-11-20,0.0034980339799872695
2023-11-21,-0.006764735323345761
2023-11-22,1.9888623772779113e-4
2023-11-23,1.3418701670353528e-4
2023-11-24,-6.762644413704777e-4
2023-11-27,-0.0035081131997447557
2023-11-28,2.0472242050928458e-4
2023-11-29,0.003954799939508646
2023-11-30,0.0059526382325110205
2023-12-01,0.010646640834130139
2023-12-04,-0.002089963210144319
2023-12-05,-0.0016818885129357142
2023-12-06,-0.005003745872569354
2023-12-07,2.1210826154671736e-4
2023-12-08,0.0026101960153290804
2023-12-11,-6.445088279463107e-4
2023-12-12,-0.004172386684901497
2023-12-13,0.019367578247820205
2023-12-14,0.007211183526836251
2023-12-15,-0.012085048916359753
2023-12-18,0.004544148116728763
2023-12-19,0.010462631130694788
2023-12-20,-0.011525056182417615
2023-12-21,0.00797260154684487
2023-12-22,0.005546645750294843
2023-12-27,0.006430117466271312
2023-12-28,-0.004124424953877437
2023-12-29,0.0013846515736073428
2024-01-02,-0.0041262190838793344
2024-01-03,-0.002566521088382956
2024-01-04,0.002533020363715721
2024-01-05,0.0031667475458441174
2024-01-08,0.00653621041660557
2024-01-09,-0.004942246504279879
2024-01-10,8.770360450878201e-4
2024-01-11,-0.0033883938840446604
2024-01-12,0.003426451804203978
2024-01-15,0.003410114692236732
2024-01-16,-0.005417808122478718
2024-01-17,-0.012155806283290715
2024-01-18,0.0029769232855638705
2024-01-19,0.007191066917231481
2024-01-22,8.510849418144062e-4
2024-01-23,0.005257482019942472
2024-01-24,-4.183901328396189e-4
2024-01-25,0.0035938357702285373
2024-01-26,0.001127283304919402
2024-01-29,0.0035344689147969177
2024-01-30,0.001310492374315686
2024-01-31,-0.009751602546328897
2024-02-01,0.004617772290016475
2024-02-02,-0.0016159309711092362
2024-02-05,-0.010162835938647419
2024-02-06,0.004102307899257696
2024-02-07,5.48573861504309e-4
2024-02-08,-0.002368157309009078
2024-02-09,0.0042929576475589926
2024-02-12,0.002742654877573969
2024-02-13,-0.023159457185618848
2024-02-14,0.014679216757306435
2024-02-15,0.015829454754827665
2024-02-16,0.001549044952902534
2024-02-20,-0.0017940588252081113
2024-02-21,-0.0021278477173112265
2024-02-22,0.006857993659490802
2024-02-23,0.004451059012568592
2024-02-26,-0.004160213663249479
2024-02-27,-2.532826103784913e-4
2024-02-28,-0.0035288966744406736
2024-02-29,0.005623396063699104
2024-03-01,0.008798676450570753
2024-03-04,-9.88813953629375e-4
2024-03-05,-2.415039958787446e-4
2024-03-06,0.003158618891811571
2024-03-07,0.00924671644075481
2024-03-08,-0.002623335085301548
2024-03-11,0.001457211184877849
2024-03-12,0.002834887167779243
2024-03-13,0.006351442234612037
2024-03-14,-0.006401812674313945
2024-03-15,8.836642491907298e-4
2024-03-18,-5.493700891356923e-4
2024-03-19,0.0010710101418993645
2024-03-20,0.008431624204741084
2024-03-21,0.0018852819804688892
2024-03-22,-0.0046833710567160125
2024-03-25,-0.0019031307081505133
2024-03-26,-0.0013590660683018285
2024-03-27,0.008841555979834936
2024-03-28,0.0027058902474319524
2024-04-01,8.252461300202185e-4
2024-04-02,-0.004979683808828739
2024-04-03,0.0016928006900922554
2024-04-04,-0.002748792843805248
2024-04-05,0.00959474118842607
2024-04-08,-1.8414988887904826e-4
2024-04-09,0.004549322936496125
2024-04-10,-0.007302450958672324
2024-04-11,-0.004017229887264051
2024-04-12,-0.009547863209750318
2024-04-15,-0.007323591475426383
2024-04-16,-0.004485571208213912
2024-04-17,6.096777828048516e-4
2024-04-18,0.0024121484905474944
2024-04-19,0.0045500792366972576
2024-04-22,0.0029579003327295794
2024-04-23,0.006366814700880852
2024-04-24,-0.006289128492580787
2024-04-25,0.00053479949351498135
2024-04-26,0.0038216711981284845
2024-04-29,0.0019281324983069226
2024-04-30,-0.01358932921652034
2024-05-01,6.491069926788384e-4
2024-05-02,0.004344241142614891
2024-05-03,0.005675110979865394
2024-05-06,0.014120184501731359
2024-05-07,0.0013961636314832049
2024-05-08,-0.0014096762118285255
2024-05-09,0.005224681426780009
2024-05-10,-0.0029943331322090927
2024-05-13,-0.0022303482945709163
2024-05-14,-7.144964070029403e-4
2024-05-15,0.001863991976284396
2024-05-16,6.728780807847556e-4
2024-05-17,0.007398620376704912
2024-05-21,1.2457618143102422e-4
2024-05-22,-0.005417772372778629
2024-05-23,-0.006554809580132215
2024-05-24,0.005395117326076004
2024-05-27,0.0023492939022968784
2024-05-28,-0.004852358110083443
2024-05-29,-0.016625104122216072
2024-05-30,0.007900901094259893
2024-05-31,0.00890384025421831
2024-06-03,-0.006867105855722144
2024-06-04,-0.006281926498150625
2024-06-05,0.0075607199293230565
2024-06-06,0.003790486378724367
2024-06-07,-0.010041639186487927
2024-06-10,0.0028496089840217564
2024-06-11,-0.008303597922621364
2024-06-12,0.0033888603166509768
2024-06-13,-0.012070774838841558
2024-06-14,-0.0027228356938131526
2024-06-17,-0.002368854775577134
2024-06-18,0.0010833715568328017
2024-06-19,-0.00437767116723542
2024-06-20,0.002993159683118307
2024-06-21,-0.0012286636940945783
2024-06-24,0.01353364136771873
2024-06-25,-0.0027545207134700433
2024-06-26,2.478243788424095e-4
2024-06-27,0.006781555639305381
2024-06-28,-0.003030648971725114
2024-07-02,0.003559242136029539
2024-07-03,0.012218970994338108
2024-07-04,9.13057478438617e-4
2024-07-05,-0.008351627443122567
2024-07-08,0.003037207635559369
2024-07-09,-0.0037854815387081686
2024-07-10,0.01386282663141003
2024-07-11,0.008638138978930954
2024-07-12,0.005723468073718152
2024-07-15,0.0034429918786926805
2024-07-16,0.010654379371779044
2024-07-17,-0.006290614729499211
2024-07-18,-0.005458718960809961
2024-07-19,-0.0016029344600596573
2024-07-22,0.008002080738716444
2024-07-23,-0.0025783752368777613
2024-07-24,-0.00766508218472417
2024-07-25,-0.0013967421381497758
2024-07-26,0.009105656479279745
2024-07-29,-0.0015441009671111061
2024-07-30,0.0019778672290211574
2024-07-31,0.012456825857208642
2024-08-01,-0.016913679916095603
2024-08-02,-0.022051652263806787
2024-08-06,-0.011229073528676636
2024-08-07,-0.0044869884834781715
2024-08-08,0.015626079737019793
2024-08-09,0.003848551511330456
2024-08-12,0.003918556354950198
2024-08-13,0.0097429894322687
2024-08-14,0.00624975187404786
2024-08-15,0.01191030216812905
2024-08-16,9.503873227671988e-4
2024-08-19,0.0026770404868070585
2024-08-20,-0.003423340041969425
2024-08-21,0.0036525375303160246
2024-08-22,-0.0036482137282387583
2024-08-23,0.01073327626046705
2024-08-26,0.0026975573889522764
2024-08-27,-0.0038190095548422676
2024-08-28,-0.005734380945284556
2024-08-29,0.004336155388095619
2024-08-30,0.005097274974790622
2024-09-03,-0.013093859622438586
2024-09-04,-7.374553132954986e-5
2024-09-05,-0.002281166522227096
2024-09-06,-0.009040994136066516
2024-09-09,0.010731661270639847
2024-09-10,-0.0010471194926200411
2024-09-11,0.009005914670101589
2024-09-12,0.011305381152006078
2024-09-13,0.003979259125120649
2024-09-16,0.005644107908686635
2024-09-17,-0.0010299914050140302
2024-09-18,-0.0036005569425512363
2024-09-19,0.01153436780399808
2024-09-20,4.607266347100847e-5
2024-09-23,0.0011431168780653422
2024-09-24,0.0024035007308018663
2024-09-25,-0.001934838321895782
2024-09-26,0.005335898679438955
2024-09-27,-0.003208964404208814
2024-09-30,0.0018182721393955603
2024-10-01,0.0013989813376138471
2024-10-02,-0.0013490159715754402
2024-10-03,-0.001380010252116648
2024-10-04,0.00807382445849747
2024-10-07,-0.0024904577209152734
2024-10-08,-0.0012537248706969706
2024-10-09,0.006310935793969463
2024-10-10,0.0031899822941081624
2024-10-11,0.006925855746889198
2024-10-15,-0.0013125912027849296
2024-10-16,0.0049836374474043765
2024-10-17,0.005250624053960706
2024-10-18,0.005331945659763804
2024-10-21,-0.004004349500428717
2024-10-22,-0.001360029452952105
2024-10-23,-0.004713440921776169
2024-10-24,-8.956707278802156e-4
2024-10-25,-0.0035866550630689886
2024-10-28,0.004160774980030979
2024-10-29,-1.2618427476773775e-4
2024-10-30,-0.0022334788576738873
2024-10-31,-0.014421396361024463
2024-11-01,0.004060925430056983
2024-11-04,3.7120862431905266e-5
2024-11-05,0.005419007638533202
2024-11-06,0.010182548801745739
2024-11-07,0.008423092233734053
2024-11-08,-0.0034875340462363624
2024-11-11,0.0012069093052833324
2024-11-12,0.005378931934657771
2024-11-13,0.002644656133519163
2024-11-14,0.002426092183460682
2024-11-15,-0.006367611881971769
2024-11-18,0.003457205015219955
2024-11-19,0.0013563494630659534
2024-11-20,0.001026997284872877
2024-11-21,0.014048174372373268
2024-11-22,0.00210884557351676
2024-11-25,-0.0013332256355962357
2024-11-26,-2.0862851961389595e-4
2024-11-27,0.0032696280994386484
2024-11-28,0.002163327158068995
2024-11-29,0.004082714714565228
2024-12-02,-0.0022521919056455175
2024-12-03,0.001772476843227011
2024-12-04,2.145215560496183e-4
2024-12-05,0.001512076460931766
2024-12-06,4.5942642765517405e-4
2024-12-09,-0.0025878429129111424
2024-12-10,-0.004736966305063817
2024-12-11,0.005996595018679329
2024-12-12,-0.009673376633047681
2024-12-13,-0.005382214334352042
2024-12-16,-0.005041572809869166
2024-12-17,-0.0010941595204148058
2024-12-18,-0.022655421771526463
2024-12-19,-0.005844287752069022
2024-12-20,0.007573459299665686
2024-12-23,0.0060589666295243205
2024-12-24,0.0039439188995658014
2024-12-27,-0.0020305059606080533
2024-12-30,-0.007115022072870403
2024-12-31,0.0043487015957488495
2025-01-02,0.006855302339728198
2025-01-03,0.007024032560700277
2025-01-06,-0.002943655433844228
2025-01-07,-0.002799954121542214
2025-01-08,0.004873756349237368
2025-01-09,8.658805029817529e-4
2025-01-10,-0.012267185429365668
2025-01-13,-0.009386667878125365
2025-01-14,0.002129219498360868
2025-01-15,0.008129234963622167
2025-01-16,0.002292651929472811
2025-01-17,0.008883366886543342
2025-01-20,0.0025060578093132335
2025-01-21,0.005982626367188715
2025-01-22,0.0011819949493911963
2025-01-23,0.00483194006388743
2025-01-24,0.0013516164646230067
2025-01-27,-0.007064998209679985
2025-01-28,0.00513919978396693
2025-01-29,0.0021142794448589797
2025-01-30,0.013065300427916426
2025-01-31,-0.010720541532391437
2025-02-03,-0.011474252903449056
2025-02-04,0.0014884688188256945
2025-02-05,0.01142214788802498
2025-02-06,-0.0013815192195139048
2025-02-07,-0.0035937379017685345
2025-02-10,0.008453764176078238
2025-02-11,-0.0010567066262510139
2025-02-12,-0.002683908459271578
2025-02-13,0.005282734309686177
2025-02-14,-0.00841324358114548
2025-02-18,0.006477436498247613
2025-02-19,-8.815822121412964e-4
2025-02-20,-0.004384009928985577
2025-02-21,-0.014492620078470964
2025-02-24,1.7101099614436066e-4
2025-02-25,0.002093095947088841
2025-02-26,0.004923599155038261
2025-02-27,-0.00793562087209665
2025-02-28,0.010502545400527197
2025-03-03,-0.01555342856699049
2025-03-04,-0.017332223894605647
2025-03-05,0.012086872678418459
2025-03-06,-0.01159863115191584
2025-03-07,0.00708518810161074
2025-03-10,-0.01538920927357701
2025-03-11,-0.005449448050681482
2025-03-12,0.007195271070123965
2025-03-13,-0.009052803128652087
2025-03-14,0.014365529885161266
2025-03-17,0.009392296970156977
2025-03-18,-0.003192489506995244
2025-03-19,0.014589808951797067
2025-03-20,-3.5907074001428896e-4
2025-03-21,-0.003665868706335118
2025-03-24,0.013351392101894177
2025-03-25,0.0013980205460821793
2025-03-26,-0.007065307506392671
2025-03-27,0
2025-03-28,-0.016102029979586874
2025-03-31,0.006373262296698101
2025-04-01,0.00463660189212689
2025-04-02,0.010881939604825419
2025-04-03,-0.039140360047799305
2025-04-04,-0.04807648230577932
2025-04-07,-0.014505281141351745
2025-04-08,-0.015544839641277619
2025-04-09,0.05279169398517247
2025-04-10,-0.030471790965322043
2025-04-11,0.024587813095607203
2025-04-14,0.011746139698207259
2025-04-15,0.008403216651249323
2025-04-16,0.0016149720967018055
2025-04-17,0.003561109744262936
2025-04-21,-0.007630489316497346
2025-04-22,0.012298622239008239
2025-04-23,0.0068349451865703514
2025-04-24,0.010357805996680014
2025-04-25,-6.877301132739433e-4
2025-04-28,0.003558929694099433
2025-04-29,0.003055998127441839
2025-04-30,-0.001319521062537632
2025-05-01,-0.0018574589559694488
2025-05-02,0.00946882941274474
2025-05-05,-0.0031209388141117955
2025-05-06,8.491882485515134e-4
2025-05-07,0.0074398132298636455
2025-05-08,0.003685408910946819
2025-05-09,0.004093897330969654
2025-05-12,0.006857969431152355
2025-05-13,0.0033119351052199875
2025-05-14,0.0029468153401364106
2025-05-15,0.007947318433028983
2025-05-16,0.0028687604286776747
2025-05-20,0.0032175019348112954
2025-05-21,-0.0083400128658635
2025-05-22,5.726394140097568e-4
2025-05-23,0.0010051417709444621
2025-05-26,0.00840355510226054
2025-05-27,0.0065155120027000635
2025-05-28,5.518291372617057e-4
2025-05-29,-0.0027774716790034404
2025-05-30,-0.0013553319308012846
2025-06-02,0.008138694390810386
2025-06-03,0.0014238072086651954
2025-06-04,-0.003700070568688929
2025-06-05,5.050485306199448e-4
2025-06-06,0.0032896192163800464
2025-06-09,-0.0020187083331641986
2025-06-10,0.0019128032371114045
2025-06-11,0.0036977384179301964
2025-06-12,0.0034475593989000686
2025-06-13,-0.0041942820802773895
2025-06-16,0.0024192809926990577
2025-06-17,-0.001024259880546552
2025-06-18,6.967814526692706e-4
2025-06-19,-0.0021332912297076234
2025-06-20,-2.1513490733049423e-4
2025-06-23,0.004210403389846462
2025-06-24,0.004095385965186438
2025-06-25,-0.005716412782437175
2025-06-26,0.006965712218507392
2025-06-27,-0.0022340733327084195
2025-06-30,0.00615503991452826
2025-07-02,4.690251375762955e-4
2025-07-03,0.00610723041378769
2025-07-04,6.138318629318462e-4
2025-07-07,-0.001131826627794652
2025-07-08,-0.0043283721402698205
2025-07-09,0.002550350290743353
2025-07-10,0.0040699643938744146
2025-07-11,-0.0021809210758902964
2025-07-14,0.00647705993043779
2025-07-15,-0.005337995136917684
2025-07-16,0.0036489869805524933
2025-07-17,0.008577273627013327
2025-07-18,-0.0026654198839235477
2025-07-21,1.0982775358314711e-4
2025-07-22,0.001733693802975722
2025-07-23,0.0018984759213669378
2025-07-24,-0.0016098070571235468
2025-07-25,0.004450780102592589
2025-07-28,-0.003242273257823669
2025-07-29,0.004895787874016122
2025-07-30,-0.006188353343231867
2025-07-31,-0.004034404908852096
2025-08-01,-0.008820967415589465
2025-08-05,0.020139687263490913
2025-08-06,0.012643688330435054
2025-08-07,-0.005732533667082151
2025-08-08,-9.371622845577576e-5
2025-08-11,5.942316656959434e-4
2025-08-12,0.005246358302997578
2025-08-13,0.002578915663464798
2025-08-14,-0.0027687809037875155
2025-08-15,-3.7619913917907866e-4
2025-08-18,6.23352668773336e-4
2025-08-19,-0.003551777059392691
2025-08-20,0.0019711937570985327
2025-08-21,0.0063145693505077816
2025-08-22,0.00984957797458641
2025-08-25,-0.005776672834322483
2025-08-26,0.006016673585390819
2025-08-27,0.0032797229730121558
2025-08-28,6.333219241305699e-5
2025-08-29,0.004550913461050854
2025-09-02,0.0017873219293882414
2025-09-03,0.0047344652820004995
2025-09-04,0.00570515505185476
2025-09-05,0.004647493334925201
2025-09-08,-7.886040835867192e-4
2025-09-09,0.0012153679012314456
2025-09-10,0.003997106740806444
2025-09-11,0.007800364773769886
2025-09-12,-0.004228870243665028
2025-09-15,0.005014051829602906
2025-09-16,-0.003942414412417605
2025-09-17,2.2170340518812282e-4
2025-09-18,0.004484918942935678
2025-09-19,0.010634692787352407
2025-09-22,0.006382338930619014
2025-09-23,-0.004798046885021279
2025-09-24,-0.001967334937861054
2025-09-25,-8.404915689208536e-4
2025-09-26,9.85011194011065e-4
2025-09-29,0.007051371025131203
2025-09-30,0.0016968299480986104
2025-10-01,0.0028238080147087175
2025-10-02,0.001755496844582538
2025-10-03,0.010261934496016423
2025-10-06,0.0019736930870664082
2025-10-07,-0.005919548096171567
2025-10-08,0.004939751857502728
2025-10-09,-0.007635132200364936
2025-10-10,-0.013942119809902564
2025-10-14,0.016700110523270695
2025-10-15,0.009296566376388427
2025-10-16,-0.005836703712093438
2025-10-17,-0.011567452495006236
2025-10-20,0.010174425559066336
2025-10-21,-0.017498095053294804
2025-10-22,0.0031466999571971854
2025-10-23,0.006757650571575624
2025-10-24,0.005510436149606335
2025-10-27,-0.002549901763352125
2025-10-28,0.004741659830125755
2025-10-29,-0.009077935930708492
2025-10-30,0.0011338550280655113
2025-10-31,0.0027034968594144004
2025-11-03,4.757644625303925e-4
2025-11-04,-0.016562403907506962
2025-11-05,0.010878268385706491
2025-11-06,-0.007833695782228034
2025-11-07,0.0014586495316262216
2025-11-10,0.01342900658419488
2025-11-11,0.003053103973353899
2025-11-12,0.013661871571301276
2025-11-13,-0.01879520719425365
2025-11-14,0.00240674499659832
2025-11-17,-0.008287782406865674
2025-11-18,-0.0013208265487172355
2025-11-19,0.008021291126027563
2025-11-20,-0.01235542115321131
2025-11-21,0.008460547754038927
2025-11-24,0.014604075718207099
2025-11-25,0.009635009851409748
2025-11-26,0.009007698105312656
2025-11-27,0.0011506556124416534
2025-11-28,0.005322831222654756
2025-12-01,-0.00899427658363905
2025-12-02,-0.0016894314394164667
2025-12-03,0.003574978083356939
2025-12-04,0.01012490226452023
2025-12-05,-0.005293908388432911
2025-12-08,-0.004526167183744434
2025-12-09,0.0023840788471662933
2025-12-10,0.007858454984230434
2025-12-11,0.0053775118399777
2025-12-12,-0.004219118051853599
2025-12-15,-0.001396586191768634
2025-12-16,-0.006996345424340689
2025-12-17,-4.447136002454499e-4
2025-12-18,0.006090229347181619
2025-12-19,0.009965804892825503
2025-12-22,0.00766360516543152
2025-12-23,0.0018295574313853535
2025-12-24,-0.0018388958248252152
2025-12-29,-0.0032302684026941364
2025-12-30,-9.503592283230944e-4
2025-12-31,-0.0048286400554591324
2026-01-02,0.005365100916318255
2026-01-05,0.010501867324576253
