testing_start,testing_end,model,Return,Std,Sharpe,CVaR,Omega,Sortino,NbStocks,HHI,scenario
2016-04-04,2016-06-30,EqualWeight,0.0001862515449404963,0.00027910751716697673,0.6673111022985128,0.00016452139097374862,4.839499553629845,1.7201158395675218,2.0,0.5,student_t
2016-04-04,2016-06-30,Omega,0.0003518212735988534,0.0005581858666547682,0.6302941271288959,0.00030836253233310627,4.415408007787097,1.5005226006920807,1.0,1.0,student_t
2016-04-04,2016-06-30,CVaR,0.00013102555630771184,0.00018602112449209542,0.7043584789924194,0.00011654299962160653,5.30040922759291,1.81310816279915,2.0,0.5556282155222615,student_t
2016-04-04,2016-06-30,MV,0.00013102555630771184,0.00018602112449209542,0.7043584789924194,0.00011654299962160653,5.30040922759291,1.81310816279915,2.0,0.5556282155222615,student_t
2016-04-04,2016-06-30,MVEU,0.0001310255879462151,0.00018602117782004273,0.7043584471493322,0.0001165430271080404,5.300408807200169,1.8131080829922088,2.0,0.5556281517935332,student_t
2016-07-04,2016-09-30,EqualWeight,0.0002068660175836563,0.00022509887671479925,0.9190006658529709,0.00018509163808769213,9.935698384233122,3.7107370118311302,2.0,0.5,student_t
2016-07-04,2016-09-30,Omega,0.0003938084599966835,0.00045020052073375385,0.8747401254775085,0.0003502597010047552,8.896732543526051,2.9427166565929594,1.0,1.0,student_t
2016-07-04,2016-09-30,CVaR,0.00014039495235019503,0.000145060024042487,0.9678404045285033,0.00012636288209771763,11.263542747486094,3.9219606071187023,2.0,0.5632149002011473,student_t
2016-07-04,2016-09-30,MV,0.00014039495235019503,0.000145060024042487,0.9678404045285033,0.00012636288209771763,11.263542747486094,3.9219606071187023,2.0,0.5632149002011473,student_t
2016-07-04,2016-09-30,MVEU,0.00014039474324654502,0.0001450597290079232,0.9678409315026131,0.0001263627015333207,11.263558373887621,3.9219628933922372,2.0,0.563217810062077,student_t
2016-10-03,2017-01-03,EqualWeight,0.00019828958779338678,0.00022544612050960286,0.8795431358285034,0.00017885990895800488,8.89648966171744,2.334224650280682,2.0,0.5,student_t
2016-10-03,2017-01-03,Omega,0.00037666818532543906,0.0004510895291790378,0.8350186846743214,0.00033783578083062724,7.79449842581733,2.153657361640533,1.0,1.0,student_t
2016-10-03,2017-01-03,CVaR,0.00011673071066006097,0.00012227793034748493,0.9546343344897965,0.00010617241292085975,11.114633303306192,2.590325910500143,2.0,0.6045266399836144,student_t
2016-10-03,2017-01-03,MV,0.00011673071066006097,0.00012227793034748493,0.9546343344897965,0.00010617241292085975,11.114633303306192,2.590325910500143,2.0,0.6045266399836144,student_t
2016-10-03,2017-01-03,MVEU,0.0001167308972989043,0.00012227816643265162,0.9546340177025582,0.00010617257925856744,11.114622356505235,2.590325048096674,2.0,0.6045261616439322,student_t
2017-01-04,2017-04-03,EqualWeight,0.000161418914767295,0.0002544903845048303,0.6342829615404635,0.00014017656295544633,4.741541371886495,1.486634659002268,2.0,0.5,student_t
2017-01-04,2017-04-03,Omega,0.0003035096918424377,0.0005089758800605947,0.5963144890211777,0.000260995527660135,4.283894102754522,1.3982710398248335,1.0,1.0,student_t
2017-01-04,2017-04-03,CVaR,8.65313301336663e-5,0.00012036705053733492,0.7188954929723596,7.650008351804449e-5,5.989377763606352,1.7349400932387136,2.0,0.6388858088549985,student_t
2017-01-04,2017-04-03,MV,8.65313301336663e-5,0.00012036705053733492,0.7188954929723596,7.650008351804449e-5,5.989377763606352,1.7349400932387136,2.0,0.6388858088549985,student_t
2017-01-04,2017-04-03,MVEU,8.653132883085885e-5,0.00012036704627604037,0.7188955075994361,7.650008257310949e-5,5.989378009274062,1.7349401285817847,2.0,0.6388859027497483,student_t
2017-04-04,2017-07-04,EqualWeight,0.00011533121612469644,0.00022096496810731286,0.5219434424948537,9.673850367715453e-5,3.7082144591360984,1.2278220075713788,2.0,0.5,student_t
2017-04-04,2017-07-04,Omega,0.000208321129382731,0.0004418804027049461,0.4714423362237947,0.00017112662346078039,3.2100666809039695,1.1025363699055037,1.0,1.0,student_t
2017-04-04,2017-07-04,CVaR,6.657911378535186e-5,0.00010515761081456219,0.6331364251205677,5.7738819717244964e-5,5.134432683157357,1.5337556380828863,2.0,0.6374310979797366,student_t
2017-04-04,2017-07-04,MV,6.657911378535186e-5,0.00010515761081456219,0.6331364251205677,5.7738819717244964e-5,5.134432683157357,1.5337556380828863,2.0,0.6374310979797366,student_t
2017-04-04,2017-07-04,MVEU,6.657911428204086e-5,0.00010515761037098366,0.6331364325145616,5.7738820251805885e-5,5.134432798519684,1.5337556553932659,2.0,0.63743114574853,student_t
2017-07-05,2017-10-03,EqualWeight,0.00018336246903468935,0.00021936129119455106,0.8358925498485764,0.0001648683008903908,7.1034402666807495,2.4942609107545244,2.0,0.5,student_t
2017-07-05,2017-10-03,Omega,0.0003355152244476673,0.00043705037593550313,0.7676808965774241,0.0002987374362217502,5.968821127100057,2.1401612133630237,1.0,1.0,student_t
2017-07-05,2017-10-03,CVaR,0.00011192241085867573,0.00011719718127893556,0.9549923439907176,0.00010195169505443729,9.722471808750548,3.4195914482914653,2.0,0.6102285158955134,student_t
2017-07-05,2017-10-03,MV,0.00011192241085867573,0.00011719718127893556,0.9549923439907176,0.00010195169505443729,9.722471808750548,3.4195914482914653,2.0,0.6102285158955134,student_t
2017-07-05,2017-10-03,MVEU,0.00011192241144340314,0.000117197182114669,0.9549923421699262,0.00010195169556978746,9.72247176008051,3.419591442731722,2.0,0.6102285140913475,student_t
2017-10-04,2018-01-04,EqualWeight,0.00020026736315230276,0.00018154449931618536,1.1031309894083263,0.00018596729500133246,13.093466394548779,2.751793921170271,2.0,0.5,student_t
2017-10-04,2018-01-04,Omega,0.00036212860545540486,0.00036251664283164367,0.9989296012089051,0.000333680677860911,10.169308350454392,2.2632610581617456,1.0,1.0,student_t
2017-10-04,2018-01-04,CVaR,0.00012632038904652522,9.887975922988363e-5,1.277515135861581,0.00011848382865711844,19.945637122924293,3.894497940559283,2.0,0.6043578397866387,student_t
2017-10-04,2018-01-04,MV,0.00012632038904652522,9.887975922988363e-5,1.277515135861581,0.00011848382865711844,19.945637122924293,3.894497940559283,2.0,0.6043578397866387,student_t
2017-10-04,2018-01-04,MVEU,0.00012632039100033172,9.887976110159524e-5,1.2775151314387,0.00011848383046378464,19.94563689958475,3.894497926424987,2.0,0.6043578458165184,student_t
2018-01-05,2018-04-05,EqualWeight,0.00011075095896511704,0.00024767470020998583,0.447162987867631,8.894546343991838e-5,2.935787766071085,1.0751424412956239,2.0,0.5,student_t
2018-01-05,2018-04-05,Omega,0.0001783629062504537,0.0004951458330385237,0.3602229774527388,0.00013484412426200686,2.3425588447058794,0.8518136692181763,1.0,1.0,student_t
2018-01-05,2018-04-05,CVaR,7.868946443418677e-5,0.00013032674318167663,0.6037860113215057,6.718038016677972e-5,4.487701029877308,1.6590684205609576,2.0,0.6124321826668508,student_t
2018-01-05,2018-04-05,MV,7.868946443418677e-5,0.00013032674318167663,0.6037860113215057,6.718038016677972e-5,4.487701029877308,1.6590684205609576,2.0,0.6124321826668508,student_t
2018-01-05,2018-04-05,MVEU,7.868946403213324e-5,0.00013032672741109216,0.6037860812995136,6.718038114184139e-5,4.487701884184534,1.6590686162953727,2.0,0.6124323466140495,student_t
2018-04-06,2018-07-05,EqualWeight,0.00023632172960764291,0.00019089226721321357,1.2379848228408736,0.00021951513098546853,22.79389115768894,2.732783379383658,2.0,0.5,student_t
2018-04-06,2018-07-05,Omega,0.00042449270083808716,0.00038179177080320135,1.111843505545059,0.00039088446010223656,16.010038602477668,2.425942198527324,1.0,1.0,student_t
2018-04-06,2018-07-05,CVaR,0.00015317720040316246,0.00010655757095733545,1.4375064955684194,0.00014379451320722489,41.59737503068233,3.1627129040021122,2.0,0.5976184951342776,student_t
2018-04-06,2018-07-05,MV,0.00015317720040316246,0.00010655757095733545,1.4375064955684194,0.00014379451320722489,41.59737503068233,3.1627129040021122,2.0,0.5976184951342776,student_t
2018-04-06,2018-07-05,MVEU,0.00015317674607263026,0.00010655694970536666,1.4375106128335018,0.0001437941135739129,41.59779389190796,3.1627232821378306,2.0,0.5976246783705597,student_t
2018-07-06,2018-10-04,EqualWeight,0.00013889557348167615,0.00021387460284156624,0.6494252783467097,0.00011718156423818996,5.610291051101628,1.9159448309403717,2.0,0.5,student_t
2018-07-06,2018-10-04,Omega,0.00021991586310007817,0.000428595071971623,0.5131087067530228,0.0001762480975717018,3.665849695887543,1.422034680653126,1.0,1.0,student_t
2018-07-06,2018-10-04,CVaR,9.187247938232536e-5,8.933698931776255e-5,1.0283811899631443,8.282364359526934e-5,21.243188899220378,3.875219125708594,2.0,0.6684243290677998,student_t
2018-07-06,2018-10-04,MV,9.187247938232536e-5,8.933698931776255e-5,1.0283811899631443,8.282364359526934e-5,21.243188899220378,3.875219125708594,2.0,0.6684243290677998,student_t
2018-07-06,2018-10-04,MVEU,9.18724894411817e-5,8.933676512006363e-5,1.0283838833621322,8.282367632242668e-5,21.24344888839658,3.8752296864662346,2.0,0.6684275125140826,student_t
2018-10-05,2019-01-07,EqualWeight,8.155777492904969e-5,0.00030605598147753917,0.2664799248010614,5.395434046968258e-5,1.872625009611003,0.7101829238956782,2.0,0.5,student_t
2018-10-05,2019-01-07,Omega,9.532816708460224e-5,0.000612136682941404,0.1557301984036258,4.0122227029470994e-5,1.4370055889569735,0.41503915870320024,1.0,1.0,student_t
2018-10-05,2019-01-07,CVaR,7.365350823321815e-5,0.00013036434328364435,0.5649820064138565,6.189403545900374e-5,4.065263552303586,2.0170976041317523,2.0,0.6647405676612426,student_t
2018-10-05,2019-01-07,MV,7.365350823321815e-5,0.00013036434328364435,0.5649820064138565,6.189403545900374e-5,4.065263552303586,2.0170976041317523,2.0,0.6647405676612426,student_t
2018-10-05,2019-01-07,MVEU,7.365350872441324e-5,0.00013036435420324332,0.5649819628576109,6.189403496546329e-5,4.065263051553693,2.017097448620063,2.0,0.6647405471816329,student_t
2019-01-08,2019-04-05,EqualWeight,0.0003145747999625129,0.0002354466440640692,1.3360768050569944,0.0002948815495728813,33.47280227637259,5.8322311031765866,2.0,0.5,student_t
2019-01-08,2019-04-05,Omega,0.0005629665256665128,0.0004704178946048296,1.1967370546977765,0.0005236221473522041,19.86735767436121,5.23689465635543,1.0,1.0,student_t
2019-01-08,2019-04-05,CVaR,0.00019587766648671958,0.00012316370075603802,1.5903847098157027,0.00018557363195250752,106.30195500879044,9.446160093848196,2.0,0.6141763661225721,student_t
2019-01-08,2019-04-05,MV,0.00019587766648671958,0.00012316370075603802,1.5903847098157027,0.00018557363195250752,106.30195500879044,9.446160093848196,2.0,0.6141763661225721,student_t
2019-01-08,2019-04-05,MVEU,0.00019587766355908892,0.0001231636868898412,1.5903848650965102,0.000185573630174835,106.30205152812891,9.446161031293752,2.0,0.6141766584653964,student_t
2019-04-08,2019-07-08,EqualWeight,0.00017272735728809545,0.0002405907907355634,0.7179300452856586,0.00015082234905818096,5.45749608355518,2.066796477707995,2.0,0.5,student_t
2019-04-08,2019-07-08,Omega,0.0002790485104229442,0.0004812068026236205,0.57989311227839,0.00023524344984333646,3.892369160708538,1.586866797854043,1.0,1.0,student_t
2019-04-08,2019-07-08,CVaR,9.84221042766523e-5,7.243026373858015e-5,1.3588533189922312,9.182250689704994e-5,44.661131321332284,7.051343039982667,2.0,0.7442135082391066,student_t
2019-04-08,2019-07-08,MV,9.84221042766523e-5,7.243026373858015e-5,1.3588533189922312,9.182250689704994e-5,44.661131321332284,7.051343039982667,2.0,0.7442135082391066,student_t
2019-04-08,2019-07-08,MVEU,9.842246797634186e-5,7.243098073479037e-5,1.3588448889946776,9.18228053329102e-5,44.65935744382745,7.051299317445201,2.0,0.7442126247689288,student_t
2019-07-09,2019-10-07,EqualWeight,0.00017826393324314364,0.00025466949623804876,0.6999814892495563,0.0001559753909557556,5.770510230870205,1.5976834548530499,2.0,0.5,student_t
2019-07-09,2019-10-07,Omega,0.00029189392129447446,0.000509535703878852,0.5728625473591457,0.00024727376894236134,4.14770501192549,1.2298737481622535,1.0,1.0,student_t
2019-07-09,2019-10-07,CVaR,0.00010046643063080816,8.01789280919277e-5,1.2530278593350637,9.346736889465703e-5,25.74301557736443,3.9351119962378327,2.0,0.7343772174996941,student_t
2019-07-09,2019-10-07,MV,0.00010046643063080816,8.01789280919277e-5,1.2530278593350637,9.346736889465703e-5,25.74301557736443,3.9351119962378327,2.0,0.7343772174996941,student_t
2019-07-09,2019-10-07,MVEU,0.00010046642878911768,8.017887325417439e-5,1.253028693364521,9.346737186786367e-5,25.74307681638781,3.93511467426791,2.0,0.7343779532313681,student_t
2019-10-08,2020-01-08,EqualWeight,0.000213261238428529,0.00018115881049720234,1.1772059986661394,0.00019770591922682785,16.358402917717314,3.0218579477116547,2.0,0.5,student_t
2019-10-08,2020-01-08,Omega,0.00036118809650589054,0.0003623176209944047,0.9968825019180296,0.00033007745810248825,10.355208902296352,2.4365815434151097,1.0,1.0,student_t
2019-10-08,2020-01-08,CVaR,0.00010675318910148673,5.0723595585967916e-5,2.1046061082274448,0.00010239777454432442,319.1719169686807,9.025642163931984,2.0,0.7592034631295763,student_t
2019-10-08,2020-01-08,MV,0.00010675318910148673,5.0723595585967916e-5,2.1046061082274448,0.00010239777454432442,319.1719169686807,9.025642163931984,2.0,0.7592034631295763,student_t
2019-10-08,2020-01-08,MVEU,0.00010675319519915782,5.072360305344201e-5,2.104605918603287,0.00010239778000079594,319.1715987435392,9.025641350725282,2.0,0.7592034334515467,student_t
2020-01-09,2020-04-07,EqualWeight,0.0001965814009874962,0.0002535398024878775,0.7753472987614847,0.00017515108651655712,5.854260871733556,1.7219951391917123,2.0,0.5,student_t
2020-01-09,2020-04-07,Omega,0.00033219590229378453,0.0005072005893725486,0.654959614113895,0.00028955364738540436,4.474897770832314,1.298937736449823,1.0,1.0,student_t
2020-01-09,2020-04-07,CVaR,9.121206870845653e-5,5.780955884482347e-5,1.5778025387340258,8.626294156414364e-5,66.13515781503608,7.608717979295141,2.0,0.8018465370088339,student_t
2020-01-09,2020-04-07,MV,9.121206870845653e-5,5.780955884482347e-5,1.5778025387340258,8.626294156414364e-5,66.13515781503608,7.608717979295141,2.0,0.8018465370088339,student_t
2020-01-09,2020-04-07,MVEU,9.121207597848469e-5,5.780957198398568e-5,1.5778023058837405,8.626294769760397e-5,66.1350760153203,7.60871604078499,2.0,0.8018464954850657,student_t
2020-04-08,2020-07-08,EqualWeight,0.00029681944627506826,0.00026726930300840986,1.1105631770429265,0.0002773364271866308,17.680960123868047,3.195449406797485,2.0,0.5,student_t
2020-04-08,2020-07-08,Omega,0.0005846858266588808,0.0005345368503630058,1.093817622230944,0.0005457279578835202,16.819652994657233,3.1447074545872855,1.0,1.0,student_t
2020-04-08,2020-07-08,CVaR,9.051655752096029e-5,7.573149703679835e-5,1.1952300041946589,8.499042267550893e-5,22.855155261150855,3.695681986453273,2.0,0.7568021933352651,student_t
2020-04-08,2020-07-08,MV,9.051655752096029e-5,7.573149703679835e-5,1.1952300041946589,8.499042267550893e-5,22.855155261150855,3.695681986453273,2.0,0.7568021933352651,student_t
2020-04-08,2020-07-08,MVEU,9.05166637474013e-5,7.573157094821671e-5,1.1952302403616355,8.49905234935463e-5,22.855171271379916,3.6956827363688176,2.0,0.7568071035075492,student_t
2020-07-09,2020-10-07,EqualWeight,0.00017537825329936766,0.0002681709179687491,0.6539793898151368,0.00015240530524302705,4.918683690379437,1.7205579996649654,2.0,0.5,student_t
2020-07-09,2020-10-07,Omega,0.0003439977645750494,0.0005362352740782632,0.6415052891967028,0.00029801131057231406,4.753704887874554,1.6912345782731517,1.0,1.0,student_t
2020-07-09,2020-10-07,CVaR,5.601550144348388e-5,7.842690680072125e-5,0.7142383109130697,4.933340477694676e-5,5.807007981332996,1.903348103466102,2.0,0.750548609790791,student_t
2020-07-09,2020-10-07,MV,5.601550144348388e-5,7.842690680072125e-5,0.7142383109130697,4.933340477694676e-5,5.807007981332996,1.903348103466102,2.0,0.750548609790791,student_t
2020-07-09,2020-10-07,MVEU,5.601550296590778e-5,7.842690922030444e-5,0.7142383082897976,4.9333406091589246e-5,5.807007937892584,1.9033480972597394,2.0,0.7505486034028026,student_t
2020-10-08,2021-01-08,EqualWeight,0.000259870477990186,0.0002825533858509567,0.9197216915576596,0.00023763702458180397,9.080513793837193,2.944762996089113,2.0,0.5,student_t
2020-10-08,2021-01-08,Omega,0.0005164984048575736,0.000565114435655121,0.9139713521188176,0.000472021427959544,8.92766598021149,2.9252075615485893,1.0,1.0,student_t
2020-10-08,2021-01-08,CVaR,9.270769758284307e-5,9.849866188405069e-5,0.9412076855620176,8.49632722314385e-5,9.688430500175512,3.0178498727245846,2.0,0.7121491741156938,student_t
2020-10-08,2021-01-08,MV,9.270769758284307e-5,9.849866188405069e-5,0.9412076855620176,8.49632722314385e-5,9.688430500175512,3.0178498727245846,2.0,0.7121491741156938,student_t
2020-10-08,2021-01-08,MVEU,9.27077149498469e-5,9.849868072015108e-5,0.9412076818901042,8.496328811639579e-5,9.688430391001612,3.0178498602322072,2.0,0.7121492626263127,student_t
2021-01-11,2021-04-09,EqualWeight,0.0002039695898073569,0.00027344757827497674,0.7459184356068668,0.0001812796854170832,6.154508762966085,2.0542887472891715,2.0,0.5,student_t
2021-01-11,2021-04-09,Omega,0.00040428129087180916,0.0005467045234996496,0.7394877369659596,0.00035891029344370016,6.045671448390792,2.0339892499157015,1.0,1.0,student_t
2021-01-11,2021-04-09,CVaR,7.920092842040598e-5,0.00010324409909900369,0.7671230521800376,7.063845444026627e-5,6.53404580358061,2.121445508035,2.0,0.6939851109699027,student_t
2021-01-11,2021-04-09,MV,7.920092842040598e-5,0.00010324409909900369,0.7671230521800376,7.063845444026627e-5,6.53404580358061,2.121445508035,2.0,0.6939851109699027,student_t
2021-01-11,2021-04-09,MVEU,7.920094332374499e-5,0.0001032441187033341,0.7671230508666963,7.063846771745706e-5,6.534045779035029,2.1214455038653095,2.0,0.693985311928698,student_t
2021-04-12,2021-07-09,EqualWeight,0.00018118254664566984,0.00022371146168241338,0.809893893156361,0.00016319418629232585,6.538828547181136,1.5346250060689954,2.0,0.5,student_t
2021-04-12,2021-07-09,Omega,0.00035751807657988726,0.00044740270067203754,0.7990968227122103,0.000321497318989065,6.379336919444949,1.5148733475588387,1.0,1.0,student_t
2021-04-12,2021-07-09,CVaR,7.770119896383372e-5,9.244220744010804e-5,0.8405381169004992,7.029503250394157e-5,7.020841697539709,1.5904765595960486,2.0,0.6721926072125102,student_t
2021-04-12,2021-07-09,MV,7.770119896383372e-5,9.244220744010804e-5,0.8405381169004992,7.029503250394157e-5,7.020841697539709,1.5904765595960486,2.0,0.6721926072125102,student_t
2021-04-12,2021-07-09,MVEU,7.770120199940542e-5,9.244220970654229e-5,0.840538129130273,7.029503536877256e-5,7.020841899132573,1.590476581823184,2.0,0.6721930119825819,student_t
2021-07-12,2021-10-08,EqualWeight,0.00015517879109089658,0.00023957088752065306,0.6477364286489895,0.00013609237771735708,4.4891656999850955,1.557013051603993,2.0,0.5,student_t
2021-07-12,2021-10-08,Omega,0.0003048814164332153,0.000479072338911304,0.6363995406749238,0.00026671896924547375,4.3708273497196295,1.5282201423029496,1.0,1.0,student_t
2021-07-12,2021-10-08,CVaR,7.669577328431596e-5,0.00011401052615064989,0.6727078268455019,6.761015113334518e-5,4.7606221249118965,1.7021299034583683,2.0,0.6374239916944355,student_t
2021-07-12,2021-10-08,MV,7.66957732843159e-5,0.00011401052615064982,0.6727078268455019,6.761015113334512e-5,4.760622124911897,1.7021299034583681,2.0,0.6374239916944358,student_t
2021-07-12,2021-10-08,MVEU,7.669577567712196e-5,0.00011401052997872799,0.6727078252458945,6.761015322124565e-5,4.760622107194752,1.7021298990420286,2.0,0.6374239833161659,student_t
2021-10-12,2022-01-11,EqualWeight,0.00018466848978122686,0.00028234694412498186,0.6540481263345379,0.00016170520056896508,4.869208533635484,1.8483562759337686,2.0,0.5,student_t
2021-10-12,2022-01-11,Omega,0.0003642258072559598,0.0005648307193573441,0.6448406483102945,0.000318321252530653,4.759146628312592,1.8181980858404152,1.0,1.0,student_t
2021-10-12,2022-01-11,CVaR,9.289182335671052e-5,0.0001379638249376425,0.6733056538458264,8.165444374233116e-5,5.110395461300311,1.9117088269888303,2.0,0.6306256140491031,student_t
2021-10-12,2022-01-11,MV,9.289182335671052e-5,0.0001379638249376425,0.6733056538458264,8.165444374233118e-5,5.110395461300311,1.91170882698883,2.0,0.6306256140491031,student_t
2021-10-12,2022-01-11,MVEU,9.289182210400305e-5,0.00013796382227555153,0.6733056577576739,8.165444270306977e-5,5.110395511876845,1.9117088398947428,2.0,0.6306257467106908,student_t
2022-01-12,2022-04-11,EqualWeight,0.00015301114048080696,0.0002987260490992946,0.5122122457755502,0.00012779101120130587,3.5404559552754944,1.1345396913463275,2.0,0.5,student_t
2022-01-12,2022-04-11,Omega,0.00028603192020408276,0.0005973208452267453,0.47885809191123063,0.00023546315610175987,3.2354477570313005,1.0724914462942357,1.0,1.0,student_t
2022-01-12,2022-04-11,CVaR,9.176841975802888e-5,0.0001614301916943952,0.5684712307828786,7.821879313523506e-5,4.117245390244233,1.2952846180215807,2.0,0.6059839198826631,student_t
2022-01-12,2022-04-11,MV,9.176841975802887e-5,0.00016143019169439517,0.5684712307828786,7.821879313523505e-5,4.117245390244233,1.295284618021581,2.0,0.6059839198826631,student_t
2022-01-12,2022-04-11,MVEU,9.176844649217753e-5,0.0001614301381446655,0.5684715849647561,7.821882492567416e-5,4.117248957720932,1.2952854161013414,2.0,0.6059877702071798,student_t
2022-04-12,2022-07-12,EqualWeight,0.00011213862981339957,0.0003186237742626427,0.35194683784319025,8.209792228312807e-5,2.3243334448121513,0.9536080330319967,2.0,0.5,student_t
2022-04-12,2022-07-12,Omega,0.00015840719815789987,0.00064108964068949,0.2470905597344131,9.763426025342266e-5,1.7915991855708362,0.6711504164476763,1.0,1.0,student_t
2022-04-12,2022-07-12,CVaR,9.228400944020189e-5,0.00018042943125559912,0.5114687154861722,7.543101852044527e-5,3.529115423715002,1.6856999068258787,2.0,0.5920706175883106,student_t
2022-04-12,2022-07-12,MV,9.22840094402019e-5,0.00018042943125559915,0.5114687154861722,7.543101852044526e-5,3.529115423715002,1.6856999068258784,2.0,0.5920706175883106,student_t
2022-04-12,2022-07-12,MVEU,9.228403476943254e-5,0.00018042937973710636,0.5114690019103014,7.543104896507348e-5,3.529118118214878,1.6857008698391922,2.0,0.592071389731437,student_t
2022-07-13,2022-10-12,EqualWeight,0.0001659565806633866,0.000336834009736034,0.4926954400876605,0.00013700793602209696,3.31239820820156,1.354034603052985,2.0,0.5,student_t
2022-07-13,2022-10-12,Omega,0.00022478156229082782,0.0006808887434688052,0.33012964958955315,0.00016658583560323162,2.1762950296874637,0.8207038761938695,1.0,1.0,student_t
2022-07-13,2022-10-12,CVaR,0.00014224413432891716,0.00019867567589840226,0.7159614969758916,0.0001247123283826386,6.223876760554167,2.9577371569421547,2.0,0.5812454644919746,student_t
2022-07-13,2022-10-12,MV,0.00014224413432891716,0.00019867567589840226,0.7159614969758916,0.0001247123283826386,6.223876760554167,2.9577371569421547,2.0,0.5812454644919746,student_t
2022-07-13,2022-10-12,MVEU,0.00014224415188176699,0.00019867559043236396,0.7159618933166921,0.00012471235271054062,6.223883618194466,2.9577386777542096,2.0,0.5812459828563951,student_t
2022-10-13,2023-01-12,EqualWeight,0.0002894592723945142,0.0002910266016497329,0.9946144811287558,0.00026730307804667767,11.859818727400977,2.2998313666095207,2.0,0.5,student_t
2022-10-13,2023-01-12,Omega,0.000421785436314058,0.000584572481622903,0.7215280389919962,0.00037698403406588035,5.51552459542348,1.6343395340737572,1.0,1.0,student_t
2022-10-13,2023-01-12,CVaR,0.00022109778044555154,0.00013951221376669987,1.5847915711185232,0.0002106404077948587,60.52024657136716,7.984729881141027,2.0,0.6334447903622009,student_t
2022-10-13,2023-01-12,MV,0.00022109778044555154,0.00013951221376669987,1.5847915711185232,0.0002106404077948587,60.52024657136716,7.984729881141027,2.0,0.6334447903622009,student_t
2022-10-13,2023-01-12,MVEU,0.00022109779536750972,0.00013951224679700227,1.5847913028683336,0.0002106404201632048,60.52019750182627,7.984728557326752,2.0,0.6334447321061758,student_t
2023-01-13,2023-04-13,EqualWeight,0.0002684105294459961,0.0002826895891556418,0.9494885547349111,0.0002428349823793502,10.762559540672918,2.8729929369369485,2.0,0.5,student_t
2023-01-13,2023-04-13,Omega,0.0003678385815188502,0.0005667361016214446,0.6490473793119158,0.0003165607509709234,4.768887408767068,1.6641285617751924,1.0,1.0,student_t
2023-01-13,2023-04-13,CVaR,0.0001823691380732517,3.70277186530905e-5,4.925205891884738,0.00017903540492211637,Inf,NaN,2.0,0.8744268563376427,student_t
2023-01-13,2023-04-13,MV,0.0001823691380732517,3.70277186530905e-5,4.925205891884738,0.00017903540492211637,Inf,NaN,2.0,0.8744268563376427,student_t
2023-01-13,2023-04-13,MVEU,0.00018459629876553668,4.336498347768522e-5,4.256805467492599,0.00018068684161821896,Inf,NaN,2.0,0.8552938321142953,student_t
2023-04-14,2023-07-13,EqualWeight,0.00020373116868960085,0.00028334435078151044,0.7190232243123136,0.0001776916681117226,5.872697380633073,2.1829810880936207,2.0,0.5,student_t
2023-04-14,2023-07-13,Omega,0.00022587089140241413,0.000566071849012502,0.3990145275664921,0.00017418583356053064,2.598746248006989,0.9047374866851873,1.0,1.0,student_t
2023-04-14,2023-07-13,CVaR,0.00018159144597678758,8.468032314714548e-6,21.44434967037663,0.0001811975026629146,Inf,NaN,1.0,1.0,student_t
2023-04-14,2023-07-13,MV,0.00018159144597678758,8.468032314714548e-6,21.44434967037663,0.0001811975026629146,Inf,NaN,1.0,1.0,student_t
2023-04-14,2023-07-13,MVEU,0.0001845380188925332,3.899231902344077e-5,4.73267616582629,0.0001807309115827583,Inf,NaN,2.0,0.875766582909932,student_t
2023-07-14,2023-10-13,EqualWeight,0.00022553993791256014,0.000289358746344727,0.7794474532449888,0.00019830056286227192,7.40726205250066,4.044449154649603,2.0,0.5,student_t
2023-07-14,2023-10-13,Omega,0.0002559685791401324,0.0005792882148033129,0.4418674031320351,0.00020155434192800636,2.973990456476987,1.143166564875718,1.0,1.0,student_t
2023-07-14,2023-10-13,CVaR,0.0001951112966849879,2.763471670884106e-6,70.60368982272459,0.00019503419268354082,Inf,NaN,1.0,1.0,student_t
2023-07-14,2023-10-13,MV,0.0001951112966849879,2.763471670884106e-6,70.60368982272459,0.00019503419268354082,Inf,NaN,1.0,1.0,student_t
2023-07-14,2023-10-13,MVEU,0.00019820195835196057,2.8985400540090357e-5,6.837992736302643,0.00019537727276465548,Inf,NaN,2.0,0.9035875067936991,student_t
2023-10-16,2024-01-15,EqualWeight,0.0002687622292713365,0.0002776294660194653,0.9680608947052215,0.0002451700197981882,12.575063252588249,3.2054192193462563,2.0,0.5,student_t
2023-10-16,2024-01-15,Omega,0.00034530512649141995,0.0005559067798698244,0.6211565301870925,0.00029805259312676855,4.594908564592163,1.6624980232268618,1.0,1.0,student_t
2023-10-16,2024-01-15,CVaR,0.0001943168590030901,7.443891504620153e-6,26.10420354494483,0.0001936726243022291,Inf,NaN,2.0,0.9729721834312934,student_t
2023-10-16,2024-01-15,MV,0.000192219332051253,2.7250664835370685e-6,70.53748347517639,0.0001920165164876142,Inf,NaN,1.0,1.0,student_t
2023-10-16,2024-01-15,MVEU,0.00019629863835266,1.4408576659800115e-5,13.623735569963175,0.00019508431840452187,Inf,NaN,2.0,0.9481257648431143,student_t
2024-01-16,2024-04-15,EqualWeight,0.00027908661189738444,0.00023897521805439764,1.167847503894133,0.0002594947421491069,17.652677286624627,2.4973803625126867,2.0,0.5,student_t
2024-01-16,2024-04-15,Omega,0.00036652949242095843,0.0004776853533875941,0.7673031836158398,0.0003274072860902699,6.384212707459938,1.4624917734036258,1.0,1.0,student_t
2024-01-16,2024-04-15,CVaR,0.0001918954158901469,1.7335204507809844e-6,110.69694378494025,0.00019176183934197698,Inf,NaN,2.0,0.9971258688367961,student_t
2024-01-16,2024-04-15,MV,0.00019164373137381044,1.4757547210361843e-6,129.86150655120383,0.0001915632936181873,Inf,NaN,1.0,1.0,student_t
2024-01-16,2024-04-15,MVEU,0.00019510454062016122,9.814346849230253e-6,19.87952368276687,0.00019427003692743113,Inf,NaN,2.0,0.9612052648268969,student_t
2024-04-16,2024-07-15,EqualWeight,0.00027069431307756906,0.00025733917487439533,1.0518970273752228,0.00024850450008181795,16.45326831768897,3.512901442898883,2.0,0.5,student_t
2024-04-16,2024-07-15,Omega,0.00035428575864935766,0.000514695984957258,0.6883398530469956,0.00030987308858555497,5.438853519876062,1.917300049458285,1.0,1.0,student_t
2024-04-16,2024-07-15,CVaR,0.00018820300950198333,3.6618945292740694e-6,51.39498366144711,0.00018786288247963365,Inf,NaN,2.0,0.9869256652119329,student_t
2024-04-16,2024-07-15,MV,0.00018710286750578045,1.4484493680072018e-6,129.17459984341693,0.0001869466591639964,Inf,NaN,1.0,1.0,student_t
2024-04-16,2024-07-15,MVEU,0.00018907324000730862,6.2137077813140075e-6,30.428408715307413,0.0001885380743860722,Inf,NaN,2.0,0.976706345859988,student_t
2024-07-16,2024-10-15,EqualWeight,0.0002919450445252149,0.00027059767963622195,1.0788896819724814,0.00026845148408344104,16.006096182090147,3.1606290373058576,2.0,0.5,student_t
2024-07-16,2024-10-15,Omega,0.0004206357180792882,0.0005426058940387852,0.7752140599660006,0.00037402304831144856,7.080520448860444,1.866657805019783,1.0,1.0,student_t
2024-07-16,2024-10-15,CVaR,0.0001632543709711416,1.4701045742640287e-5,11.104949527340315,0.00016209499021671014,Inf,NaN,1.0,1.0,student_t
2024-07-16,2024-10-15,MV,0.0001632543709711416,1.4701045742640287e-5,11.104949527340315,0.00016209499021671014,Inf,NaN,1.0,1.0,student_t
2024-07-16,2024-10-15,MVEU,0.00016485210000892353,1.4629664992039097e-5,11.268344155428695,0.00016350509725391297,Inf,NaN,2.0,0.987661802694381,student_t
2024-10-16,2025-01-15,EqualWeight,0.00023936706043763289,0.00026515017754244946,0.9027603249457044,0.00021574285383328117,8.656077494507182,3.0040372735430587,2.0,0.5,student_t
2024-10-16,2025-01-15,Omega,0.0003446224750557301,0.0005304438717821951,0.6496869761127811,0.00029734118289708735,4.58178277239752,1.664660761588671,1.0,1.0,student_t
2024-10-16,2025-01-15,CVaR,0.00013751041125271626,8.526724530852395e-6,16.126991174062205,0.0001367392452803196,Inf,NaN,2.0,0.968230695988646,student_t
2024-10-16,2025-01-15,MV,0.00013411164581953567,1.3665226346945383e-6,98.14081553761744,0.00013397191028229337,Inf,NaN,1.0,1.0,student_t
2024-10-16,2025-01-15,MVEU,0.0001396483679074604,1.3873191955977456e-5,10.06605893947074,0.0001384217906693998,Inf,NaN,2.0,0.948780794619661,student_t
2025-01-16,2025-04-15,EqualWeight,0.0002377311423103296,0.0002758581076133166,0.8617877660625752,0.00021511260949491165,9.091932245097317,2.6189542703989424,2.0,0.5,student_t
2025-01-16,2025-04-15,Omega,0.00034725431101400786,0.0005521100616135775,0.6289584906298114,0.0003012780231575492,4.482943678071074,1.8002813177736756,1.0,1.0,student_t
2025-01-16,2025-04-15,CVaR,0.00012820797360665133,1.1497826798359656e-5,11.15062662319302,0.00012794566894594646,Inf,NaN,1.0,1.0,student_t
2025-01-16,2025-04-15,MV,0.00012820797360665133,1.1497826798359656e-5,11.15062662319302,0.00012794566894594646,Inf,NaN,1.0,1.0,student_t
2025-01-16,2025-04-15,MVEU,0.00013799747514660414,2.655708843027814e-5,5.1962576962793525,0.00013591119037607567,Inf,NaN,2.0,0.9146117255982961,student_t
2025-04-16,2025-07-16,EqualWeight,0.0003251883347343003,0.00020806450348049438,1.5629207735801318,0.00030713377941036607,219.05425353087634,9.397124352360214,2.0,0.5,student_t
2025-04-16,2025-07-16,Omega,0.0005466431407637482,0.00041615862707159243,1.3135451368876905,0.00051053065468832,52.62682936295635,6.653134094015557,1.0,1.0,student_t
2025-04-16,2025-07-16,CVaR,0.00011042588308778702,6.260455618713e-6,17.638633641569996,0.00010988354865165822,Inf,NaN,2.0,0.97023666735756,student_t
2025-04-16,2025-07-16,MV,0.00010373352870485242,1.4242245488605362e-7,728.3509386763861,0.00010373046013434362,Inf,NaN,1.0,1.0,student_t
2025-04-16,2025-07-16,MVEU,0.0001239888705399453,1.9004130915569204e-5,6.5243115347288505,0.00012234057912511846,Inf,NaN,2.0,0.912718013362516,student_t
2025-07-17,2025-10-16,EqualWeight,0.00028764351923243274,0.00023862932500221985,1.205398872203812,0.0002684151911143943,22.36966307229949,2.442537486897906,2.0,0.5,student_t
2025-07-17,2025-10-16,Omega,0.000474081554586591,0.00047691315365190026,0.9940626526158345,0.0004357736992808133,13.143719184995915,1.9377030874515853,1.0,1.0,student_t
2025-07-17,2025-10-16,CVaR,0.00010136253254086255,6.3550291932570275e-6,15.949971189497093,0.00010119765970644817,Inf,NaN,2.0,0.9991579909312427,student_t
2025-07-17,2025-10-16,MV,0.00010120548387827446,6.344928095203792e-6,15.950611631797202,0.00010105668294797532,Inf,NaN,1.0,1.0,student_t
2025-07-17,2025-10-16,MVEU,0.00011720710326703233,2.1624795639843362e-5,5.420032874256624,0.00011542074307155625,Inf,NaN,2.0,0.9178551458565806,student_t
2017-01-04,2017-04-03,EqualWeight,2.417197800875475e-5,0.0006598394007012638,0.03663312312521087,-4.8392854347587e-5,1.1010447906021457,0.05333357177628593,2.0,0.5,gaussian
2017-01-04,2017-04-03,Omega,1.9750793571352242e-5,5.760953807817272e-5,0.34283895046253604,1.3403889777196152e-5,2.415640837804604,0.5416276186733859,2.0,0.9165504752847982,gaussian
2017-01-04,2017-04-03,CVaR,2.633737399435556e-5,0.0009547997117722385,0.027584187206623475,-7.865949975576225e-5,1.0751612032445705,0.040158837300124275,2.0,0.5999228985929457,gaussian
2017-01-04,2017-04-03,MV,2.633737399435556e-5,0.0009547997117722385,0.027584187206623475,-7.865949975576225e-5,1.0751612032445705,0.040158837300124275,2.0,0.5999228985929457,gaussian
2017-01-04,2017-04-03,MVEU,2.633737422666732e-5,0.0009547997428196515,0.027584186552972383,-7.865950293723768e-5,1.0751612013975724,0.040158836348458064,2.0,0.5999229197540294,gaussian
2017-04-04,2017-07-04,EqualWeight,-3.4613951916496165e-5,0.0007108794849675305,-0.04869172996049698,-0.0001084594988022917,0.8861345236210776,-0.08042203205446936,2.0,0.5,gaussian
2017-04-04,2017-07-04,Omega,-9.156920669965421e-5,0.0014218072023492036,-0.06440339206916207,-0.000239354862273596,0.8520353502960997,-0.10633261883658125,1.0,1.0,gaussian
2017-04-04,2017-07-04,CVaR,-7.696135023735332e-5,0.0012394685459906885,-0.06209221725416136,-0.0002057828821560576,0.8569760862248814,-0.10252243548795062,2.0,0.7764113513842676,gaussian
2017-04-04,2017-07-04,MV,-7.696135023735332e-5,0.0012394685459906885,-0.06209221725416136,-0.0002057828821560576,0.8569760862248814,-0.10252243548795062,2.0,0.7764113513842676,gaussian
2017-04-04,2017-07-04,MVEU,-7.69613642039546e-5,0.0012394687203250289,-0.062092219788953476,-0.00020578291425429903,0.8569760807920895,-0.10252243966702464,2.0,0.7764115337108852,gaussian
2020-01-09,2020-04-07,EqualWeight,-0.0002912189066900472,0.0052160292969070775,-0.0558315320166491,-0.0009408736177082415,0.8270748433744125,-0.06520963303544987,2.0,0.5,gaussian
2020-01-09,2020-04-07,Omega,-1.5252218113638449e-5,0.0011285704655070975,-0.013514635177684906,-0.00015601988111169635,0.955787948617475,-0.015408146700424178,2.0,0.8070008871993981,gaussian
2020-01-09,2020-04-07,CVaR,-0.0003463345371908275,0.00603238277078908,-0.05741255990384117,-0.0010976233644496311,0.8225674375151552,-0.0670552627254163,2.0,0.5122454814767727,gaussian
2020-01-09,2020-04-07,MV,-0.0003463345371908275,0.00603238277078908,-0.05741255990384117,-0.0010976233644496311,0.8225674375151552,-0.0670552627254163,2.0,0.5122454814767727,gaussian
2020-01-09,2020-04-07,MVEU,-0.00034633509974321935,0.006032391103122706,-0.057412573857145426,-0.0010976249643577544,0.8225673978222247,-0.06705527901368546,2.0,0.5122457314516007,gaussian
2021-04-12,2021-07-09,EqualWeight,8.61123871648352e-5,0.0006823086888260272,0.1262073729604693,1.3995980777317673e-5,1.3815269035090054,0.23465914542032718,2.0,0.5,gaussian
2021-04-12,2021-07-09,Omega,0.00016737775761821802,0.0013645862974428768,0.12265824296482403,2.3166963285250104e-5,1.3687257723751223,0.2266422767824687,1.0,1.0,gaussian
2021-04-12,2021-07-09,CVaR,6.488016021341234e-5,0.0005040499806508622,0.128717711941254,1.1599875512681606e-5,1.390624793686213,0.23926831808879334,2.0,0.5341310823665872,gaussian
2021-04-12,2021-07-09,MV,6.488016021341234e-5,0.0005040499806508622,0.128717711941254,1.1599875512681606e-5,1.390624793686213,0.23926831808879334,2.0,0.5341310823665872,gaussian
2021-04-12,2021-07-09,MVEU,6.488016044781048e-5,0.0005040499826187763,0.12871771190374331,1.1599875539135404e-5,1.3906247935497402,0.23926831801993872,2.0,0.5341310816134159,gaussian
2021-07-12,2021-10-08,EqualWeight,7.987283927191586e-6,0.0006923440194521933,0.011536582541019712,-5.979431216865672e-5,1.0292582667080274,0.017779548970928125,2.0,0.5,gaussian
2021-07-12,2021-10-08,Omega,1.0498402105805321e-5,0.0013846456152841519,0.007582013758553576,-0.0001250742251530157,1.0191376994195467,0.011685899479397124,1.0,1.0,gaussian
2021-07-12,2021-10-08,CVaR,7.985373130313857e-6,0.0006918172232529034,0.011542605274796247,-5.974463841973829e-5,1.0292737537652408,0.017788828753240712,2.0,0.5000002895107845,gaussian
2021-07-12,2021-10-08,MV,7.985373130313857e-6,0.0006918172232529034,0.011542605274796247,-5.974463841973829e-5,1.0292737537652408,0.017788828753240712,2.0,0.5000002895107845,gaussian
2021-07-12,2021-10-08,MVEU,7.985373399929932e-6,0.0006918172975842956,0.011542604424337832,-5.974464542874551e-5,1.0292737515783281,0.017788827442861022,2.0,0.5000002894292739,gaussian
2021-10-12,2022-01-11,EqualWeight,6.983357084859389e-5,0.0009753217313846104,0.0716005484153983,-2.755017721327117e-5,1.2124738296159012,0.09579942195867859,2.0,0.5,gaussian
2021-10-12,2022-01-11,Omega,0.00013455596939069387,0.0019505143954265077,0.06898486353456074,-6.016969037809609e-5,1.204012580756311,0.09232857990660275,1.0,1.0,gaussian
2021-10-12,2022-01-11,CVaR,8.560838811775244e-5,0.0012130057907414615,0.07057541585636082,-3.5500544801229434e-5,1.2091508058724005,0.09443939958239754,2.0,0.5297022583990072,gaussian
2021-10-12,2022-01-11,MV,8.560838811775244e-5,0.0012130057907414615,0.07057541585636082,-3.5500544801229434e-5,1.2091508058724005,0.09443939958239754,2.0,0.5297022583990072,gaussian
2021-10-12,2022-01-11,MVEU,8.56084520026775e-5,0.0012130067509753524,0.07057541265441565,-3.550057676595135e-5,1.2091507955070633,0.09443939533391661,2.0,0.5297025214099775,gaussian
2022-01-12,2022-04-11,EqualWeight,4.0512345116538125e-5,0.0009091127085198294,0.04456251104717065,-4.3643717919322754e-5,1.1156852531843093,0.08358946837418377,2.0,0.5,gaussian
2022-01-12,2022-04-11,Omega,6.1034329475545105e-5,0.001818007978658432,0.033572091097523314,-0.00010754482545069314,1.0859996930359783,0.06319146298047601,1.0,1.0,gaussian
2022-01-12,2022-04-11,CVaR,5.229742135164323e-5,0.0014310530290292272,0.03654471238366327,-8.033994624649836e-5,1.0939505131559564,0.06872319172322416,2.0,0.664890673631326,gaussian
2022-01-12,2022-04-11,MV,5.229742135164323e-5,0.0014310530290292272,0.03654471238366327,-8.033994624649836e-5,1.0939505131559564,0.06872319172322416,2.0,0.664890673631326,gaussian
2022-01-12,2022-04-11,MVEU,5.229742491447498e-5,0.0014310531845923868,0.03654471090071407,-8.033995713234868e-5,1.0939505091752078,0.0687231889662947,2.0,0.6648907729928836,gaussian
2023-04-14,2023-07-13,EqualWeight,7.163334231005019e-5,0.0008043010077814529,0.08906285285858379,-1.601275546377808e-5,1.2621538281877054,0.14686741224891914,2.0,0.5,gaussian
2023-04-14,2023-07-13,Omega,0.00018159144597678758,8.468032314714548e-6,21.44434967037663,0.0001811975026629146,Inf,NaN,1.0,1.0,gaussian
2023-04-14,2023-07-13,CVaR,0.00018159144597678758,8.468032314714548e-6,21.44434967037663,0.0001811975026629146,Inf,NaN,1.0,1.0,gaussian
2023-04-14,2023-07-13,MV,0.00018159144597678758,8.468032314714548e-6,21.44434967037663,0.0001811975026629146,Inf,NaN,1.0,1.0,gaussian
2023-04-14,2023-07-13,MVEU,0.00017767164310638196,3.063863056041939e-5,5.798942049841732,0.0001743500362760437,Inf,NaN,2.0,0.9649872462009743,gaussian
2023-07-14,2023-10-13,EqualWeight,3.477932273594532e-5,0.0009022100588854717,0.0385490301215543,-4.45247770041568e-5,1.104634101179919,0.05270763393473226,2.0,0.5,gaussian
2023-07-14,2023-10-13,Omega,0.0001951112966849879,2.763471670884106e-6,70.60368982272459,0.00019503419268354082,Inf,NaN,1.0,1.0,gaussian
2023-07-14,2023-10-13,CVaR,0.0001951112966849879,2.763471670884106e-6,70.60368982272459,0.00019503419268354082,Inf,NaN,1.0,1.0,gaussian
2023-07-14,2023-10-13,MV,0.0001951112966849879,2.763471670884106e-6,70.60368982272459,0.00019503419268354082,Inf,NaN,1.0,1.0,gaussian
2023-07-14,2023-10-13,MVEU,0.0001902719823809094,2.710446957755144e-5,7.019948567394107,0.0001878218794953067,Inf,NaN,2.0,0.970272420038649,gaussian
2023-10-16,2024-01-15,EqualWeight,0.00021419656742354713,0.0008494280459240102,0.25216564069360753,9.870397102091829e-5,2.0166653803351497,0.4716303598552143,2.0,0.5,gaussian
2023-10-16,2024-01-15,Omega,0.000192219332051253,2.7250664835370685e-6,70.53748347517639,0.0001920165164876142,Inf,NaN,1.0,1.0,gaussian
2023-10-16,2024-01-15,CVaR,0.00019231155611110418,4.291221716640912e-6,44.815106002409514,0.00019181566676848758,Inf,NaN,2.0,0.9958124597425468,gaussian
2023-10-16,2024-01-15,MV,0.000192219332051253,2.7250664835370685e-6,70.53748347517639,0.0001920165164876142,Inf,NaN,1.0,1.0,gaussian
2023-10-16,2024-01-15,MVEU,0.0001925836788536606,1.4107869013045972e-5,13.650798619945553,0.00019066779763624907,Inf,NaN,2.0,0.9835590483646528,gaussian
2024-01-16,2024-04-15,EqualWeight,0.00014047186826271396,0.0007872461890875239,0.17843448492971578,5.940803254095388e-5,1.6244552234167973,0.2502750077563755,2.0,0.5,gaussian
2024-01-16,2024-04-15,Omega,0.00019164373137381044,1.4757547210361843e-6,129.86150655120383,0.0001915632936181873,Inf,NaN,1.0,1.0,gaussian
2024-01-16,2024-04-15,CVaR,0.00019161605859262042,1.591280996728123e-6,120.41623006031462,0.0001915092621080844,Inf,NaN,2.0,0.9994593650289771,gaussian
2024-01-16,2024-04-15,MV,0.00019164373137381044,1.4757547210361843e-6,129.86150655120383,0.0001915632936181873,Inf,NaN,1.0,1.0,gaussian
2024-01-16,2024-04-15,MVEU,0.00019094577709173518,1.1035450451199568e-5,17.302943630269223,0.00018983701414340115,Inf,NaN,2.0,0.9864536017287282,gaussian
2024-04-16,2024-07-15,EqualWeight,0.00016435378901215612,0.0007937113023124585,0.20706998695031226,8.347904388156339e-5,1.6711075627653287,0.33800000672540137,2.0,0.5,gaussian
2024-04-16,2024-07-15,Omega,0.00018710286750578045,1.4484493680072018e-6,129.17459984341693,0.0001869466591639964,Inf,NaN,1.0,1.0,gaussian
2024-04-16,2024-07-15,CVaR,0.00018710286750578045,1.4484493680072018e-6,129.17459984341693,0.0001869466591639964,Inf,NaN,1.0,1.0,gaussian
2024-04-16,2024-07-15,MV,0.00018710286750578045,1.4484493680072018e-6,129.17459984341693,0.0001869466591639964,Inf,NaN,1.0,1.0,gaussian
2024-04-16,2024-07-15,MVEU,0.0001869175472712888,6.54053225832307e-6,28.57833887042286,0.00018629149429620048,Inf,NaN,2.0,0.9918869065489705,gaussian
2024-07-16,2024-10-15,EqualWeight,0.000186003655332572,0.0008565836968626967,0.21714592049069414,0.00010801461034966875,1.7475496645515796,0.34267060743154004,2.0,0.5,gaussian
2024-07-16,2024-10-15,Omega,0.0001632543709711416,1.4701045742640287e-5,11.104949527340315,0.00016209499021671014,Inf,NaN,1.0,1.0,gaussian
2024-07-16,2024-10-15,CVaR,0.0001632543709711416,1.4701045742640287e-5,11.104949527340315,0.00016209499021671014,Inf,NaN,1.0,1.0,gaussian
2024-07-16,2024-10-15,MV,0.0001632543709711416,1.4701045742640287e-5,11.104949527340315,0.00016209499021671014,Inf,NaN,1.0,1.0,gaussian
2024-07-16,2024-10-15,MVEU,0.0001633543306814483,1.5136367941016954e-5,10.792174933775636,0.00016195221775109584,Inf,NaN,2.0,0.9956156818534873,gaussian
2024-10-16,2025-01-15,EqualWeight,9.2862098408126e-5,0.0007136906517588985,0.1301153352356043,3.3947330547931534e-5,1.4135548413806585,0.15509079469013135,2.0,0.5,gaussian
2024-10-16,2025-01-15,Omega,0.00013411164581953567,1.3665226346945383e-6,98.14081553761744,0.00013397191028229337,Inf,NaN,1.0,1.0,gaussian
2024-10-16,2025-01-15,CVaR,0.00013411164581953567,1.3665226346945383e-6,98.14081553761744,0.00013397191028229337,Inf,NaN,1.0,1.0,gaussian
2024-10-16,2025-01-15,MV,0.00013411164581953567,1.3665226346945383e-6,98.14081553761744,0.00013397191028229337,Inf,NaN,1.0,1.0,gaussian
2024-10-16,2025-01-15,MVEU,0.00013340966858569966,1.2092843105232803e-5,11.032117710017321,0.00013243938729156672,Inf,NaN,2.0,0.9831269864133492,gaussian
2025-01-16,2025-04-15,EqualWeight,2.4199974332557198e-5,0.001849773445876884,0.01308266933255992,-0.00020158267655005964,1.03963862672073,0.01724795036519354,2.0,0.5,gaussian
2025-01-16,2025-04-15,Omega,0.00012820797360665133,1.1497826798359656e-5,11.15062662319302,0.00012794566894594646,Inf,NaN,1.0,1.0,gaussian
2025-01-16,2025-04-15,CVaR,0.00012820797360665133,1.1497826798359656e-5,11.15062662319302,0.00012794566894594646,Inf,NaN,1.0,1.0,gaussian
2025-01-16,2025-04-15,MV,0.00012820797360665133,1.1497826798359656e-5,11.15062662319302,0.00012794566894594646,Inf,NaN,1.0,1.0,gaussian
2025-01-16,2025-04-15,MVEU,0.00012505349061204242,5.790808997098832e-5,2.1595167562026933,0.00011892247784023109,55.58399667960714,6.782726643860635,2.0,0.9701306967816082,gaussian
2025-04-16,2025-07-16,EqualWeight,0.00022970498383169413,0.0005756274285054178,0.3990514913928084,0.00017042368249131263,2.7176848631262414,0.7484403679708126,2.0,0.5,gaussian
2025-04-16,2025-07-16,Omega,0.00010373352870485242,1.4242245488605362e-7,728.3509386763861,0.00010373046013434362,Inf,NaN,1.0,1.0,gaussian
2025-04-16,2025-07-16,CVaR,0.00010373352870485242,1.4242245488605362e-7,728.3509386763861,0.00010373046013434362,Inf,NaN,1.0,1.0,gaussian
2025-04-16,2025-07-16,MV,0.00010373352870485242,1.4242245488605362e-7,728.3509386763861,0.00010373046013434362,Inf,NaN,1.0,1.0,gaussian
2025-04-16,2025-07-16,MVEU,0.00010650923695504084,1.2674671703698714e-5,8.403313272718487,0.00010521261078228473,Inf,NaN,2.0,0.9782083355043053,gaussian
2025-07-17,2025-10-16,EqualWeight,0.00021591448001826634,0.0007441775683894902,0.2901383879193471,0.0001199117588929118,2.1643523018850823,0.6024002373046013,2.0,0.5,gaussian
2025-07-17,2025-10-16,Omega,0.0001033340857479272,1.538907022744587e-5,6.714771212339682,0.00010169409603617854,Inf,NaN,2.0,0.9816156343473064,gaussian
2025-07-17,2025-10-16,CVaR,0.00010120548387827446,6.344928095203792e-6,15.950611631797202,0.00010105668294797532,Inf,NaN,1.0,1.0,gaussian
2025-07-17,2025-10-16,MV,0.00010120548387827446,6.344928095203792e-6,15.950611631797202,0.00010105668294797532,Inf,NaN,1.0,1.0,gaussian
2025-07-17,2025-10-16,MVEU,0.00010356128400881578,1.6742646284979414e-5,6.185478821333358,0.00010173249769140666,Inf,NaN,2.0,0.9796737008012998,gaussian
2016-10-03,2017-01-03,EqualWeight,0.00037384011129664655,0.002661166726412965,0.14047977813120804,0.00011449279268114972,1.4646774243670866,0.18424767438715126,2.0,0.5,unfiltered
2016-10-03,2017-01-03,Omega,2.2008635285478974e-5,1.5750070739185817e-5,1.3973673928157029,2.0444758353063037e-5,20.131212717589683,4.9119361554827305,2.0,0.9940908255239804,unfiltered
2016-10-03,2017-01-03,CVaR,0.00015569752956998877,0.0010209366364724837,0.15250459627734705,5.6181122425714826e-5,1.5129708360175493,0.19998896983247622,2.0,0.6899408191727732,unfiltered
2016-10-03,2017-01-03,MV,0.00015569752956998877,0.0010209366364724837,0.15250459627734705,5.6181122425714826e-5,1.5129708360175493,0.19998896983247622,2.0,0.6899408191727732,unfiltered
2016-10-03,2017-01-03,MVEU,0.00015569752998574065,0.0010209366395985333,0.15250459621761264,5.618112253685113e-5,1.5129708357735958,0.19998896975429165,2.0,0.6899408184489668,unfiltered
2017-01-04,2017-04-03,EqualWeight,0.00010957076333064183,0.0026610173918066027,0.04117626726830698,-0.00014518862775825259,1.108813699625563,0.062334050478920724,2.0,0.5,unfiltered
2017-01-04,2017-04-03,Omega,0.00019981338896913134,0.005322001982243462,0.03754477913307749,-0.0003096887833010172,1.0987871582951285,0.05622720768697735,1.0,1.0,unfiltered
2017-01-04,2017-04-03,CVaR,4.056573404514474e-5,0.0006262661338701787,0.0647739544759637,-1.9401750765437973e-5,1.1760347402785436,0.0980769580898273,2.0,0.7923533319548821,unfiltered
2017-01-04,2017-04-03,MV,4.056573404514474e-5,0.0006262661338701787,0.0647739544759637,-1.9401750765437973e-5,1.1760347402785436,0.0980769580898273,2.0,0.7923533319548821,unfiltered
2017-01-04,2017-04-03,MVEU,4.056573425898462e-5,0.0006262661401509241,0.06477395416780583,-1.940175115287064e-5,1.1760347393757866,0.09807695762297297,2.0,0.7923533302266778,unfiltered
2017-04-04,2017-07-04,EqualWeight,-0.00021534011638865217,0.0028432097036554765,-0.07573838683505908,-0.0005059441080584047,0.8225348512656702,-0.10966994691832019,2.0,0.5,unfiltered
2017-04-04,2017-07-04,Omega,-0.0004530215356439662,0.005686481433088135,-0.07966640548722334,-0.001034324080785822,0.8143112386188665,-0.11536397328823345,1.0,1.0,unfiltered
2017-04-04,2017-07-04,CVaR,-4.273892873521712e-5,0.0007784650457150422,-0.054901538573206204,-0.00012224137222495213,0.8677313961851245,-0.07969284989438453,2.0,0.7636738737363342,unfiltered
2017-04-04,2017-07-04,MV,-4.273892873521712e-5,0.0007784650457150422,-0.054901538573206204,-0.00012224137222495213,0.8677313961851245,-0.07969284989438453,2.0,0.7636738737363342,unfiltered
2017-04-04,2017-07-04,MVEU,-4.2738929143395486e-5,0.0007784650506094005,-0.05490153875236719,-0.00012224137313353265,0.8677313957851999,-0.07969285015455603,2.0,0.7636738725608132,unfiltered
2017-07-05,2017-10-03,EqualWeight,0.0003267109569776064,0.0018677031531275498,0.17492659710431754,0.00015928072820038756,1.5395994862425584,0.2958897784991021,2.0,0.5,unfiltered
2017-07-05,2017-10-03,Omega,3.458288135519767e-5,2.3097258200496183e-5,1.4972721461136347,3.228197422487266e-5,61.01526955662242,3.10458462405917,2.0,0.9886500807222725,unfiltered
2017-07-05,2017-10-03,CVaR,0.00019632881090675297,0.0010441016786234371,0.18803610311746313,0.00010259884284454606,1.590614827053087,0.32095897778881577,2.0,0.597339167945331,unfiltered
2017-07-05,2017-10-03,MV,0.00019632881090675297,0.0010441016786234371,0.18803610311746313,0.00010259884284454606,1.590614827053087,0.32095897778881577,2.0,0.597339167945331,unfiltered
2017-07-05,2017-10-03,MVEU,0.00019632881126260867,0.001044101680871295,0.18803610305346288,0.00010259884299925005,1.5906148267997189,0.32095897767893244,2.0,0.5973391674140325,unfiltered
2017-10-04,2018-01-04,EqualWeight,0.0003597020971997065,0.0015430971551296255,0.2331039857107962,0.00021675159473585708,1.797676137451566,0.3607651522902813,2.0,0.5,unfiltered
2017-10-04,2018-01-04,Omega,4.238424183306134e-5,1.9659704819230868e-5,2.1558941104548848,4.053188140695304e-5,190.96237998220067,13.96427458121251,2.0,0.9876951665932701,unfiltered
2017-10-04,2018-01-04,CVaR,0.0002350335071094632,0.0009444877185389784,0.24884760542258288,0.0001475345097804804,1.8700453093637108,0.3877313697744702,2.0,0.5752789454426528,unfiltered
2017-10-04,2018-01-04,MV,0.0002350335071094632,0.0009444877185389784,0.24884760542258288,0.0001475345097804804,1.8700453093637108,0.3877313697744702,2.0,0.5752789454426528,unfiltered
2017-10-04,2018-01-04,MVEU,0.0002350335074070736,0.0009444877199678607,0.24884760536121253,0.00014753450994572763,1.8700453090784794,0.3877313696784386,2.0,0.5752789450841992,unfiltered
2018-01-05,2018-04-05,EqualWeight,-0.0004945389638076415,0.0034609494346654096,-0.14289112659499215,-0.0008490989003797041,0.6750097281081109,-0.18313218970317777,2.0,0.5,unfiltered
2018-01-05,2018-04-05,Omega,3.2190640105143934e-5,7.046367417804803e-5,0.45684021562378985,2.4944724583773014e-5,3.153988001961798,0.6306116679046484,2.0,0.9798449909796692,unfiltered
2018-01-05,2018-04-05,CVaR,-0.00028760086681512087,0.0021289123923660977,-0.13509286142840193,-0.0005057103323273666,0.6898649624942649,-0.17315201708648376,2.0,0.5740638718519564,unfiltered
2018-01-05,2018-04-05,MV,-0.00028760086681512087,0.0021289123923660977,-0.13509286142840193,-0.0005057103323273666,0.6898649624942649,-0.17315201708648376,2.0,0.5740638718519564,unfiltered
2018-01-05,2018-04-05,MVEU,-0.00028760087148615407,0.002128912422448304,-0.1350928617135907,-0.0005057103400799456,0.6898649619459035,-0.17315201745149672,2.0,0.574063868583006,unfiltered
2018-07-06,2018-10-04,EqualWeight,-9.406493517484097e-5,0.002209770273366247,-0.04256774394541358,-0.0002890945118248824,0.9023243090704445,-0.07171235118446909,2.0,0.5,unfiltered
2018-07-06,2018-10-04,Omega,5.1597054450058504e-5,9.080986147103657e-5,0.5681877894562715,4.3659197737635825e-5,4.126802870882748,1.101739443173525,2.0,0.9595332953849298,unfiltered
2018-07-06,2018-10-04,CVaR,-1.2356564501246776e-5,0.001021061756610563,-0.012101681824089331,-0.00010237682641968167,0.9712186642554437,-0.02039201565347425,2.0,0.6445964427415449,unfiltered
2018-07-06,2018-10-04,MV,-1.2356564501246776e-5,0.001021061756610563,-0.012101681824089331,-0.00010237682641968167,0.9712186642554437,-0.02039201565347425,2.0,0.6445964427415449,unfiltered
2018-07-06,2018-10-04,MVEU,-1.2356564681155103e-5,0.0010210617682642378,-0.01210168186216662,-0.00010237682762713845,0.9712186641661967,-0.020392015717630902,2.0,0.6445964564217229,unfiltered
2019-04-08,2019-07-08,EqualWeight,7.050413018371952e-5,0.0022604284312604805,0.031190604935191144,-0.00014646619746648732,1.0816545598303418,0.048873586060240136,2.0,0.5,unfiltered
2019-04-08,2019-07-08,Omega,6.647737833412415e-5,3.924647722954126e-5,1.69384319375513,6.27040936701044e-5,67.71825964350803,8.642368261279362,2.0,0.9827824876304456,unfiltered
2019-04-08,2019-07-08,CVaR,6.790197028706833e-5,0.0008250602428163036,0.08229940889563192,-1.1296571053777199e-5,1.2296519856189123,0.13180562868005313,2.0,0.7016089154554028,unfiltered
2019-04-08,2019-07-08,MV,6.790197028706833e-5,0.0008250602428163036,0.08229940889563192,-1.1296571053777199e-5,1.2296519856189123,0.13180562868005313,2.0,0.7016089154554028,unfiltered
2019-04-08,2019-07-08,MVEU,6.790197035626177e-5,0.0008250602683678586,0.08229940643073995,-1.1296573437115903e-5,1.2296519780388462,0.1318056247319917,2.0,0.7016089088406804,unfiltered
2019-10-08,2020-01-08,EqualWeight,0.0003875849392106069,0.0014980384726298954,0.2587282945612061,0.00023507458423832893,1.948531475242966,0.4173968398212587,2.0,0.5,unfiltered
2019-10-08,2020-01-08,Omega,6.801949708069995e-5,1.2482237978356304e-5,5.449303017507198,6.674872161017044e-5,Inf,NaN,2.0,0.9917023262221101,unfiltered
2019-10-08,2020-01-08,CVaR,0.000455206761793991,0.001812390423415644,0.25116374259807944,0.00027069327173774046,1.911358894762764,0.4016671943079667,2.0,0.5220169111514891,unfiltered
2019-10-08,2020-01-08,MV,0.000455206761793991,0.001812390423415644,0.25116374259807944,0.00027069327173774046,1.911358894762764,0.4016671943079667,2.0,0.5220169111514891,unfiltered
2019-10-08,2020-01-08,MVEU,0.0004552067643561269,0.0018123904353260522,0.25116374236119515,0.00027069327308731705,1.9113588936047987,0.4016671939291355,2.0,0.5220169128202191,unfiltered
2020-01-09,2020-04-07,EqualWeight,-0.001452690961030109,0.018824252924568616,-0.07717124110323223,-0.0037490633749109074,0.7699404150139342,-0.0845750985823958,2.0,0.5,unfiltered
2020-01-09,2020-04-07,Omega,-0.002966348821741426,0.03764931501612462,-0.07878891874848147,-0.007559792446410216,0.7655996469860694,-0.08674266838622045,1.0,1.0,unfiltered
2020-01-09,2020-04-07,CVaR,-0.00010855029992834512,0.002107487152602809,-0.051506980621107125,-0.00036510453824373283,0.8415706770529569,-0.0562120099747861,2.0,0.8942793219935392,unfiltered
2020-01-09,2020-04-07,MV,-0.00010855029992834512,0.002107487152602809,-0.051506980621107125,-0.00036510453824373283,0.8415706770529569,-0.0562120099747861,2.0,0.8942793219935392,unfiltered
2020-01-09,2020-04-07,MVEU,-0.00010855052279946019,0.0021074899244211084,-0.05150701862988843,-0.00036510509934599894,0.8415705674223765,-0.05621205144926363,2.0,0.8942791914486051,unfiltered
2020-10-08,2021-01-08,EqualWeight,0.0007596212386452609,0.0037360954220325773,0.20331954964683377,0.0004058329508104428,1.7002581340927803,0.2516477973981093,2.0,0.5,unfiltered
2020-10-08,2021-01-08,Omega,3.967093789900406e-6,3.584512866978495e-6,1.1067316361021746,3.6118482635632343e-6,13.461990783237118,1.3538516858058356,2.0,0.9990425488505492,unfiltered
2020-10-08,2021-01-08,CVaR,0.0005478662912172568,0.0026901377872277704,0.2036573345121633,0.00029311960303869054,1.701697461393867,0.25206753794894066,2.0,0.539188493616613,unfiltered
2020-10-08,2021-01-08,MV,0.0005478662912172568,0.0026901377872277704,0.2036573345121633,0.00029311960303869054,1.701697461393867,0.25206753794894066,2.0,0.539188493616613,unfiltered
2020-10-08,2021-01-08,MVEU,0.0005478662920200237,0.0026901377911930226,0.20365733451038426,0.00029311960346598817,1.701697461386283,0.25206753794672987,2.0,0.539188493318887,unfiltered
2021-01-11,2021-04-09,EqualWeight,0.0005213929073107941,0.003781164821099251,0.13789213958655627,0.00013005981075564222,1.4319517618580564,0.2041803525211001,2.0,0.5,unfiltered
2021-01-11,2021-04-09,Omega,4.316349745800246e-6,4.989911771773515e-6,0.8650152433990088,3.8032488290773174e-6,9.005665523479616,1.2870882015704075,2.0,0.9987289979229161,unfiltered
2021-01-11,2021-04-09,CVaR,0.00021278358042860364,0.001527392185481506,0.13931168592533044,5.470549035460712e-5,1.4371707955928232,0.20628355059495623,2.0,0.6776531929144569,unfiltered
2021-01-11,2021-04-09,MV,0.00021278358042860364,0.001527392185481506,0.13931168592533044,5.470549035460712e-5,1.4371707955928232,0.20628355059495623,2.0,0.6776531929144569,unfiltered
2021-01-11,2021-04-09,MVEU,0.0002127835806595688,0.0015273921871682846,0.13931168592269666,5.470549041099853e-5,1.4371707955831228,0.20628355059105397,2.0,0.67765319264605,unfiltered
2021-04-12,2021-07-09,EqualWeight,0.00042361736311757967,0.0026447001808649617,0.1601759496908393,0.00015888824615210666,1.5088474433132788,0.2671876100886583,2.0,0.5,unfiltered
2021-04-12,2021-07-09,Omega,0.0008423877095237069,0.005289381603203569,0.15926015037627575,0.0003129514940348281,1.5053345248492973,0.2656800157390295,1.0,1.0,unfiltered
2021-04-12,2021-07-09,CVaR,6.081341672780624e-5,0.0003534673046245374,0.17204820907666102,2.541472109197742e-5,1.5547956534847192,0.29089101144379464,2.0,0.8752858300814143,unfiltered
2021-04-12,2021-07-09,MV,6.081341672780624e-5,0.0003534673046245374,0.17204820907666102,2.541472109197742e-5,1.5547956534847192,0.29089101144379464,2.0,0.8752858300814143,unfiltered
2021-04-12,2021-07-09,MVEU,6.0813416751020645e-5,0.0003534673047706509,0.17204820907121735,2.5414721100566866e-5,1.5547956534633538,0.29089101143469703,2.0,0.8752858300636187,unfiltered
2021-07-12,2021-10-08,EqualWeight,7.190981215051578e-5,0.0027375746524770203,0.026267708201290558,-0.0001785729232566674,1.0707867007975664,0.03532356853497487,2.0,0.5,unfiltered
2021-07-12,2021-10-08,Omega,0.0001383434585524537,0.0054750903973001565,0.02526779441316125,-0.0003626116327025752,1.0680014247349858,0.03397969272641734,1.0,1.0,unfiltered
2021-07-12,2021-10-08,CVaR,1.7531489211503425e-5,0.0004968200369453537,0.035287403703147646,-2.793063704254344e-5,1.0962511032811963,0.047443225089928695,2.0,0.8350004899712309,unfiltered
2021-07-12,2021-10-08,MV,1.7531489211503425e-5,0.0004968200369453537,0.035287403703147646,-2.793063704254344e-5,1.0962511032811963,0.047443225089928695,2.0,0.8350004899712309,unfiltered
2021-07-12,2021-10-08,MVEU,1.753148945173758e-5,0.0004968200468355954,0.035287403484221706,-2.7930637707229845e-5,1.0962511026555972,0.04744322479582048,2.0,0.8350004870867275,unfiltered
2021-10-12,2022-01-11,EqualWeight,0.0003442136742868492,0.003853936111398442,0.08931483665979806,-3.722034085277178e-5,1.2662015154887343,0.12112470784491684,2.0,0.5,unfiltered
2021-10-12,2022-01-11,Omega,0.0006833161762672045,0.00770773568775799,0.08865329636984037,-7.949020500137387e-5,1.2640040808078463,0.12023305742954107,1.0,1.0,unfiltered
2021-10-12,2022-01-11,CVaR,7.889001705386089e-5,0.0008386118886305128,0.09407214245756935,-4.1471701119130265e-6,1.2820754147461375,0.12822291251136633,2.0,0.8060976293448447,unfiltered
2021-10-12,2022-01-11,MV,7.889001705386089e-5,0.0008386118886305128,0.09407214245756935,-4.1471701119130265e-6,1.2820754147461375,0.12822291251136633,2.0,0.8060976293448447,unfiltered
2021-10-12,2022-01-11,MVEU,7.889001729065908e-5,0.0008386118913216573,0.09407214243805671,-4.147170141430951e-6,1.2820754146807964,0.12822291248492135,2.0,0.8060976287982995,unfiltered
2022-01-12,2022-04-11,EqualWeight,0.00021503633310739883,0.003894345699525331,0.05521757689195618,-0.00017329981457258706,1.149350126371052,0.09735267593818221,2.0,0.5,unfiltered
2022-01-12,2022-04-11,Omega,0.0004100823054572665,0.007788559254155538,0.0526518823412006,-0.00036685701875722174,1.1419683932774285,0.09286910931984636,1.0,1.0,unfiltered
2022-01-12,2022-04-11,CVaR,7.534969428105756e-5,0.0011054627467906783,0.06816122433777969,-3.4679391154272856e-5,1.1873111283839128,0.11990280611501823,2.0,0.7564518083187526,unfiltered
2022-01-12,2022-04-11,MV,7.534969428105756e-5,0.0011054627467906783,0.06816122433777969,-3.4679391154272856e-5,1.1873111283839128,0.11990280611501823,2.0,0.7564518083187526,unfiltered
2022-01-12,2022-04-11,MVEU,7.534969819606302e-5,0.00110546282474043,0.06816122307301978,-3.4679395018230255e-5,1.1873111246145442,0.11990280391737758,2.0,0.7564517948882474,unfiltered
2022-04-12,2022-07-12,EqualWeight,-0.0011523624180007938,0.006049399103364029,-0.19049204694727004,-0.0016864083295533155,0.6207666814564938,-0.28317439272475126,2.0,0.5,unfiltered
2022-04-12,2022-07-12,Omega,-0.002370594897470487,0.01210011747124172,-0.19591503166020216,-0.003438877485497995,0.6123501301663302,-0.2913047084232369,1.0,1.0,unfiltered
2022-04-12,2022-07-12,CVaR,-0.00036983541536911963,0.0021627707353142267,-0.17100074886827366,-0.0005607164284452345,0.6518862598317064,-0.25398010409091,2.0,0.7063043196563858,unfiltered
2022-04-12,2022-07-12,MV,-0.00036983541536911963,0.0021627707353142267,-0.17100074886827366,-0.0005607164284452345,0.6518862598317064,-0.25398010409091,2.0,0.7063043196563858,unfiltered
2022-04-12,2022-07-12,MVEU,-0.00036983541992865944,0.0021627707579670134,-0.17100074918541144,-0.0005607164350049025,0.6518862593139843,-0.25398010456556286,2.0,0.706304317286628,unfiltered
2023-04-14,2023-07-13,EqualWeight,-9.211867338734495e-6,0.003416789087741034,-0.002696059692939608,-0.00038996005571863556,0.9930608349969854,-0.0043761227991021565,2.0,0.5,unfiltered
2023-04-14,2023-07-13,Omega,0.00018159144597678758,8.468032314714548e-6,21.44434967037663,0.0001811975026629146,Inf,NaN,1.0,1.0,unfiltered
2023-04-14,2023-07-13,CVaR,0.00018159144597678758,8.468032314714548e-6,21.44434967037663,0.0001811975026629146,Inf,NaN,1.0,1.0,unfiltered
2023-04-14,2023-07-13,MV,0.00018159144597678758,8.468032314714548e-6,21.44434967037663,0.0001811975026629146,Inf,NaN,1.0,1.0,unfiltered
2023-04-14,2023-07-13,MVEU,0.00017994850439826088,3.1523920101222686e-5,5.70831621893628,0.00017646729879855,Inf,NaN,2.0,0.9914264163015752,unfiltered
2023-07-14,2023-10-13,EqualWeight,-0.0002129802652056821,0.003872823487708988,-0.05499353788821214,-0.0005681174822524985,0.866155794773287,-0.07483213026364362,2.0,0.5,unfiltered
2023-07-14,2023-10-13,Omega,0.00018479071617695102,9.763857837337498e-5,1.8925994136283073,0.00017574646253499168,72.86517149762587,12.250913349004886,2.0,0.9750299236354227,unfiltered
2023-07-14,2023-10-13,CVaR,0.0001951112966849879,2.763471670884106e-6,70.60368982272459,0.00019503419268354082,Inf,NaN,1.0,1.0,unfiltered
2023-07-14,2023-10-13,MV,0.0001951112966849879,2.763471670884106e-6,70.60368982272459,0.00019503419268354082,Inf,NaN,1.0,1.0,unfiltered
2023-07-14,2023-10-13,MVEU,0.00019218799652680681,2.7529709042112838e-5,6.981112522214178,0.00018957997578581675,Inf,NaN,2.0,0.9928623129507271,unfiltered
2023-10-16,2024-01-15,EqualWeight,0.0007362837120251811,0.0036650434209539984,0.20089358500247426,0.00023329686246778374,1.733036681534626,0.4129567742760954,2.0,0.5,unfiltered
2023-10-16,2024-01-15,Omega,0.00020600401375859862,9.260657136915689e-5,2.2245075129431835,0.00019325890130065723,Inf,NaN,2.0,0.9749844788900262,unfiltered
2023-10-16,2024-01-15,CVaR,0.00019299049391949448,5.59466799050021e-6,34.49543283840861,0.00019227633530073508,Inf,NaN,2.0,0.9985835953048288,unfiltered
2023-10-16,2024-01-15,MV,0.000192219332051253,2.7250664835370685e-6,70.53748347517639,0.0001920165164876142,Inf,NaN,1.0,1.0,unfiltered
2023-10-16,2024-01-15,MVEU,0.00019450593301837622,1.534570944163624e-5,12.674939126023032,0.00019239075622235044,Inf,NaN,2.0,0.9958060186022749,unfiltered
2024-01-16,2024-04-15,EqualWeight,0.0003574255831744808,0.0031805210726019786,0.1123795676920548,3.3977932443404746e-5,1.3580719055395158,0.14550871391481338,2.0,0.5,unfiltered
2024-01-16,2024-04-15,Omega,0.0001947241120772347,5.936019173616944e-5,3.280382127852614,0.00018872180524325962,549.730425670011,NaN,2.0,0.9815916971383303,unfiltered
2024-01-16,2024-04-15,CVaR,0.00019167005494860785,1.6386979722869971e-6,116.96484537727815,0.00019155596361979829,Inf,NaN,2.0,0.9998412281885813,unfiltered
2024-01-16,2024-04-15,MV,0.00019164373137381044,1.4757547210361843e-6,129.86150655120383,0.0001915632936181873,Inf,NaN,1.0,1.0,unfiltered
2024-01-16,2024-04-15,MVEU,0.00019218509695748614,1.0734246828471605e-5,17.903920044742478,0.00019109585765339957,Inf,NaN,2.0,0.9967398020038613,unfiltered
2024-04-16,2024-07-15,EqualWeight,0.00046477224987824636,0.003213152794195767,0.14464679386483273,0.00013497196282568808,1.4427085548242022,0.2294101848129647,2.0,0.5,unfiltered
2024-04-16,2024-07-15,Omega,0.00019289187823037215,6.69195551424857e-5,2.882444119953653,0.0001860483676213634,Inf,NaN,2.0,0.9793687573120451,unfiltered
2024-04-16,2024-07-15,CVaR,0.00018710286750578045,1.4484493680072018e-6,129.17459984341693,0.0001869466591639964,Inf,NaN,1.0,1.0,unfiltered
2024-04-16,2024-07-15,MV,0.00018710286750578045,1.4484493680072018e-6,129.17459984341693,0.0001869466591639964,Inf,NaN,1.0,1.0,unfiltered
2024-04-16,2024-07-15,MVEU,0.00018768439227105781,6.79750884304872e-6,27.610761030930902,0.00018702666428622872,Inf,NaN,2.0,0.9979078866571537,unfiltered
2024-07-16,2024-10-15,EqualWeight,0.0006625358382683835,0.003599762164650859,0.18404989217743026,0.0003558519382435186,1.6158256711779035,0.25834080156407857,2.0,0.5,unfiltered
2024-07-16,2024-10-15,Omega,0.0001963429877459318,0.00023872854821342204,0.8224529040004139,0.00017566865242999908,8.180556738436016,1.02209134155893,2.0,0.9359235488088243,unfiltered
2024-07-16,2024-10-15,CVaR,0.0001632543709711416,1.4701045742640287e-5,11.104949527340315,0.00016209499021671014,Inf,NaN,1.0,1.0,unfiltered
2024-07-16,2024-10-15,MV,0.0001632543709711416,1.4701045742640287e-5,11.104949527340315,0.00016209499021671014,Inf,NaN,1.0,1.0,unfiltered
2024-07-16,2024-10-15,MVEU,0.00016392189907194865,1.5372819735600337e-5,10.663099020951812,0.00016244121700398725,Inf,NaN,2.0,0.9986639162287041,unfiltered
2024-10-16,2025-01-15,EqualWeight,0.0001892220722287207,0.003057652013687138,0.06188476366234464,-7.832440350181713e-5,1.1775920392899393,0.07645054003175715,2.0,0.5,unfiltered
2024-10-16,2025-01-15,Omega,0.00024433249863790575,0.006115434664798079,0.03995341492966031,-0.0002907933317731093,1.1116470140207642,0.04931146385220074,1.0,1.0,unfiltered
2024-10-16,2025-01-15,CVaR,0.00013411164581953567,1.3665226346945383e-6,98.14081553761744,0.00013397191028229337,Inf,NaN,1.0,1.0,unfiltered
2024-10-16,2025-01-15,MV,0.00013411164581953567,1.3665226346945383e-6,98.14081553761744,0.00013397191028229337,Inf,NaN,1.0,1.0,unfiltered
2024-10-16,2025-01-15,MVEU,0.00013433829463620447,1.25185570180857e-5,10.731132545238594,0.0001332707185896941,Inf,NaN,2.0,0.9958958264349799,unfiltered
2025-01-16,2025-04-15,EqualWeight,-0.00011975151168680795,0.0071572746698740424,-0.016731439997805114,-0.0009102360906259784,0.9527594469452475,-0.02160818637813188,2.0,0.5,unfiltered
2025-01-16,2025-04-15,Omega,-0.0003677109969802672,0.014313658704517179,-0.0256895182825774,-0.0019494193770842308,0.9282765499455157,-0.0332015686606355,1.0,1.0,unfiltered
2025-01-16,2025-04-15,CVaR,0.00012820797360665133,1.1497826798359656e-5,11.15062662319302,0.00012794566894594646,Inf,NaN,1.0,1.0,unfiltered
2025-01-16,2025-04-15,MV,0.00012820797360665133,1.1497826798359656e-5,11.15062662319302,0.00012794566894594646,Inf,NaN,1.0,1.0,unfiltered
2025-01-16,2025-04-15,MVEU,0.00012644291306688156,5.3071525865748984e-5,2.3825000507189977,0.00012154993328986542,79.57589328278404,4.197490127221768,2.0,0.9929069929118525,unfiltered
2025-04-16,2025-07-16,EqualWeight,0.001014715351652226,0.002192237346660521,0.46286746879755614,0.0007936960603022162,3.163809970683229,0.9030066186034124,2.0,0.5,unfiltered
2025-04-16,2025-07-16,Omega,0.0001299302814962486,6.302408582692431e-5,2.06159724161745,0.0001235840520646582,335.26096939646163,18.86633192873212,2.0,0.9716568572667077,unfiltered
2025-04-16,2025-07-16,CVaR,0.00010373352870485242,1.4242245488605362e-7,728.3509386763861,0.00010373046013434362,Inf,NaN,1.0,1.0,unfiltered
2025-04-16,2025-07-16,MV,0.00010373352870485242,1.4242245488605362e-7,728.3509386763861,0.00010373046013434362,Inf,NaN,1.0,1.0,unfiltered
2025-04-16,2025-07-16,MVEU,0.00010876432835707142,1.2089409759621418e-5,8.996661583954566,0.0001075535381661179,Inf,NaN,2.0,0.9944928554012252,unfiltered
2025-07-17,2025-10-16,EqualWeight,0.000972256902335799,0.0030318978953472733,0.3206760042374174,0.0006025027446617111,2.3281513695564864,0.6244322449067501,2.0,0.5,unfiltered
2025-07-17,2025-10-16,Omega,0.0018433083207933234,0.006063534623795365,0.3039989766957967,0.001103671175244969,2.2295265065708736,0.580261628331318,1.0,1.0,unfiltered
2025-07-17,2025-10-16,CVaR,0.00010120548387827446,6.344928095203792e-6,15.950611631797202,0.00010105668294797532,Inf,NaN,1.0,1.0,unfiltered
2025-07-17,2025-10-16,MV,0.00010120548387827446,6.344928095203792e-6,15.950611631797202,0.00010105668294797532,Inf,NaN,1.0,1.0,unfiltered
2025-07-17,2025-10-16,MVEU,0.00010579672876355143,1.7425060428956215e-5,6.071527223385865,0.00010396912105365293,Inf,NaN,2.0,0.9947429683950778,unfiltered
